[INFO] Config: configs/gaussian_pipeline.json
[INFO] Video: /workspace/raw_videos/uploads/9bf10d9b011641666868_20260210_095143.mp4
[INFO] Prompt: orange fruit
[INFO] Iterations: 30000
[INFO] SAM FPS: 2.0
[INFO] COLMAP reconstruction FPS: 6.0
[INFO] SAM whole-frame pass: true
[INFO] SAM detail pass: false
[INFO] SAM tile context margin: -1
[0/7] Cleaning stale outputs
[INFO] Removed 1 paths
out/object_spheres
[1/7] SAM masks
/workspace/sam3/sam3/model_builder.py:8: UserWarning: pkg_resources is deprecated as an API. See https://setuptools.pypa.io/en/latest/pkg_resources.html. The pkg_resources package is slated for removal as early as 2025-11-30. Refrain from using this package or pin to Setuptools<81.
  import pkg_resources
/opt/venv/lib/python3.12/site-packages/timm/models/layers/__init__.py:49: FutureWarning: Importing from timm.models.layers is deprecated, please import via timm.layers
  warnings.warn(f"Importing from {__name__} is deprecated, please import via timm.layers", FutureWarning)
[INFO] Extracted 58 frames
[INFO] sam3 package version: 0.1.0
[WARN] sam3 is older than the latest 0.1.3 package; upgrading may unlock SAM 3.1 speedups.
[INFO] Using device: cuda
[INFO] SAM prompts: orange fruit
[INFO] SAM pass mode: whole-frame
/workspace/sam3/sam3/model/encoder.py:360: UserWarning: Specified kernel cache directory could not be created! This disables kernel caching. Specified directory is /workspace/.container-home/.cache/torch/kernels. This warning will appear only once per process. (Triggered internally at /pytorch/aten/src/ATen/native/cuda/jit_utils.cpp:1487.)
  spatial_shapes.prod(1).cumsum(0)[:-1],
[INFO] Removed 1 duplicate SAM fragment(s) in frame_0003.jpg: {'nested': 1}
[INFO] Removed 1 duplicate SAM fragment(s) in frame_0012.jpg: {'nested': 1}
[INFO] Removed 1 duplicate SAM fragment(s) in frame_0013.jpg: {'nested': 1}
[INFO] Removed 1 duplicate SAM fragment(s) in frame_0015.jpg: {'nested': 1}
[INFO] Removed 1 duplicate SAM fragment(s) in frame_0016.jpg: {'nested': 1}
[INFO] Removed 1 duplicate SAM fragment(s) in frame_0018.jpg: {'nested': 1}
[INFO] Removed 3 duplicate SAM fragment(s) in frame_0019.jpg: {'nested': 3}
[INFO] Removed 1 duplicate SAM fragment(s) in frame_0025.jpg: {'nested': 1}
[INFO] Removed 1 duplicate SAM fragment(s) in frame_0029.jpg: {'nested': 1}
[INFO] Removed 1 duplicate SAM fragment(s) in frame_0036.jpg: {'nested': 1}
[INFO] Removed 1 duplicate SAM fragment(s) in frame_0037.jpg: {'nested': 1}
[INFO] Removed 1 duplicate SAM fragment(s) in frame_0040.jpg: {'nested': 1}
[INFO] Removed 1 duplicate SAM fragment(s) in frame_0045.jpg: {'nested': 1}
[INFO] Removed 1 duplicate SAM fragment(s) in frame_0050.jpg: {'nested': 1}
[DONE] Saved masks to: out/masks
[2/7] COLMAP dataset for 3DGS
[INFO] Copied 58 SAM frames to out/colmap/input
[INFO] Added 116 reconstruction-only frames from 867 source frames at 6 FPS
[INFO] COLMAP will use 174 total images
[INFO] COLMAP feature_extractor uses --FeatureExtraction.use_gpu for GPU selection
[INFO] COLMAP matcher uses --FeatureMatching.use_gpu for GPU selection
[RUN] colmap feature_extractor --database_path out/colmap/distorted/database.db --image_path out/colmap/input --ImageReader.single_camera 1 --ImageReader.camera_model OPENCV --SiftExtraction.max_image_size 1600 --FeatureExtraction.use_gpu 1
I20260526 21:49:44.069011 139719694651392 misc.cc:44] 
==============================================================================
Feature extraction
==============================================================================
I20260526 21:49:44.072390 139719304241152 sift.cc:720] Creating SIFT GPU feature extractor
I20260526 21:49:44.201174 139719295848448 feature_extraction.cc:260] Processed file [1/174]
I20260526 21:49:44.201214 139719295848448 feature_extraction.cc:263]   Name:            frame_0000.jpg
I20260526 21:49:44.201221 139719295848448 feature_extraction.cc:272]   Dimensions:      720 x 1280
I20260526 21:49:44.201226 139719295848448 feature_extraction.cc:275]   Camera:          #1 - OPENCV
I20260526 21:49:44.201232 139719295848448 feature_extraction.cc:278]   Focal Length:    1536.00px
I20260526 21:49:44.201248 139719295848448 feature_extraction.cc:282]   Features:        4757 (SIFT)
I20260526 21:49:44.213802 139719295848448 feature_extraction.cc:260] Processed file [2/174]
I20260526 21:49:44.213818 139719295848448 feature_extraction.cc:263]   Name:            frame_0001.jpg
I20260526 21:49:44.213823 139719295848448 feature_extraction.cc:272]   Dimensions:      720 x 1280
I20260526 21:49:44.213827 139719295848448 feature_extraction.cc:275]   Camera:          #1 - OPENCV
I20260526 21:49:44.213831 139719295848448 feature_extraction.cc:278]   Focal Length:    1536.00px
I20260526 21:49:44.213837 139719295848448 feature_extraction.cc:282]   Features:        2454 (SIFT)
I20260526 21:49:44.228237 139719295848448 feature_extraction.cc:260] Processed file [3/174]
I20260526 21:49:44.228251 139719295848448 feature_extraction.cc:263]   Name:            frame_0002.jpg
I20260526 21:49:44.228257 139719295848448 feature_extraction.cc:272]   Dimensions:      720 x 1280
I20260526 21:49:44.228263 139719295848448 feature_extraction.cc:275]   Camera:          #1 - OPENCV
I20260526 21:49:44.228268 139719295848448 feature_extraction.cc:278]   Focal Length:    1536.00px
I20260526 21:49:44.228276 139719295848448 feature_extraction.cc:282]   Features:        5041 (SIFT)
I20260526 21:49:44.242895 139719295848448 feature_extraction.cc:260] Processed file [4/174]
I20260526 21:49:44.242908 139719295848448 feature_extraction.cc:263]   Name:            frame_0003.jpg
I20260526 21:49:44.242914 139719295848448 feature_extraction.cc:272]   Dimensions:      720 x 1280
I20260526 21:49:44.242920 139719295848448 feature_extraction.cc:275]   Camera:          #1 - OPENCV
I20260526 21:49:44.242926 139719295848448 feature_extraction.cc:278]   Focal Length:    1536.00px
I20260526 21:49:44.242934 139719295848448 feature_extraction.cc:282]   Features:        6235 (SIFT)
I20260526 21:49:44.257275 139719295848448 feature_extraction.cc:260] Processed file [5/174]
I20260526 21:49:44.257293 139719295848448 feature_extraction.cc:263]   Name:            frame_0004.jpg
I20260526 21:49:44.257299 139719295848448 feature_extraction.cc:272]   Dimensions:      720 x 1280
I20260526 21:49:44.257304 139719295848448 feature_extraction.cc:275]   Camera:          #1 - OPENCV
I20260526 21:49:44.257310 139719295848448 feature_extraction.cc:278]   Focal Length:    1536.00px
I20260526 21:49:44.257319 139719295848448 feature_extraction.cc:282]   Features:        5943 (SIFT)
I20260526 21:49:44.271335 139719295848448 feature_extraction.cc:260] Processed file [6/174]
I20260526 21:49:44.271347 139719295848448 feature_extraction.cc:263]   Name:            frame_0005.jpg
I20260526 21:49:44.271352 139719295848448 feature_extraction.cc:272]   Dimensions:      720 x 1280
I20260526 21:49:44.271358 139719295848448 feature_extraction.cc:275]   Camera:          #1 - OPENCV
I20260526 21:49:44.271363 139719295848448 feature_extraction.cc:278]   Focal Length:    1536.00px
I20260526 21:49:44.271371 139719295848448 feature_extraction.cc:282]   Features:        6993 (SIFT)
I20260526 21:49:44.284449 139719295848448 feature_extraction.cc:260] Processed file [7/174]
I20260526 21:49:44.284473 139719295848448 feature_extraction.cc:263]   Name:            frame_0006.jpg
I20260526 21:49:44.284480 139719295848448 feature_extraction.cc:272]   Dimensions:      720 x 1280
I20260526 21:49:44.284487 139719295848448 feature_extraction.cc:275]   Camera:          #1 - OPENCV
I20260526 21:49:44.284494 139719295848448 feature_extraction.cc:278]   Focal Length:    1536.00px
I20260526 21:49:44.284504 139719295848448 feature_extraction.cc:282]   Features:        5033 (SIFT)
I20260526 21:49:44.298173 139719295848448 feature_extraction.cc:260] Processed file [8/174]
I20260526 21:49:44.298206 139719295848448 feature_extraction.cc:263]   Name:            frame_0007.jpg
I20260526 21:49:44.298214 139719295848448 feature_extraction.cc:272]   Dimensions:      720 x 1280
I20260526 21:49:44.298220 139719295848448 feature_extraction.cc:275]   Camera:          #1 - OPENCV
I20260526 21:49:44.298227 139719295848448 feature_extraction.cc:278]   Focal Length:    1536.00px
I20260526 21:49:44.298243 139719295848448 feature_extraction.cc:282]   Features:        5067 (SIFT)
I20260526 21:49:44.312871 139719295848448 feature_extraction.cc:260] Processed file [9/174]
I20260526 21:49:44.312890 139719295848448 feature_extraction.cc:263]   Name:            frame_0008.jpg
I20260526 21:49:44.312896 139719295848448 feature_extraction.cc:272]   Dimensions:      720 x 1280
I20260526 21:49:44.312902 139719295848448 feature_extraction.cc:275]   Camera:          #1 - OPENCV
I20260526 21:49:44.312908 139719295848448 feature_extraction.cc:278]   Focal Length:    1536.00px
I20260526 21:49:44.312916 139719295848448 feature_extraction.cc:282]   Features:        5016 (SIFT)
I20260526 21:49:44.326711 139719295848448 feature_extraction.cc:260] Processed file [10/174]
I20260526 21:49:44.326727 139719295848448 feature_extraction.cc:263]   Name:            frame_0009.jpg
I20260526 21:49:44.326733 139719295848448 feature_extraction.cc:272]   Dimensions:      720 x 1280
I20260526 21:49:44.326738 139719295848448 feature_extraction.cc:275]   Camera:          #1 - OPENCV
I20260526 21:49:44.326744 139719295848448 feature_extraction.cc:278]   Focal Length:    1536.00px
I20260526 21:49:44.326752 139719295848448 feature_extraction.cc:282]   Features:        4949 (SIFT)
I20260526 21:49:44.340138 139719295848448 feature_extraction.cc:260] Processed file [11/174]
I20260526 21:49:44.340156 139719295848448 feature_extraction.cc:263]   Name:            frame_0010.jpg
I20260526 21:49:44.340164 139719295848448 feature_extraction.cc:272]   Dimensions:      720 x 1280
I20260526 21:49:44.340171 139719295848448 feature_extraction.cc:275]   Camera:          #1 - OPENCV
I20260526 21:49:44.340177 139719295848448 feature_extraction.cc:278]   Focal Length:    1536.00px
I20260526 21:49:44.340187 139719295848448 feature_extraction.cc:282]   Features:        4664 (SIFT)
I20260526 21:49:44.353070 139719295848448 feature_extraction.cc:260] Processed file [12/174]
I20260526 21:49:44.353084 139719295848448 feature_extraction.cc:263]   Name:            frame_0011.jpg
I20260526 21:49:44.353091 139719295848448 feature_extraction.cc:272]   Dimensions:      720 x 1280
I20260526 21:49:44.353096 139719295848448 feature_extraction.cc:275]   Camera:          #1 - OPENCV
I20260526 21:49:44.353102 139719295848448 feature_extraction.cc:278]   Focal Length:    1536.00px
I20260526 21:49:44.353110 139719295848448 feature_extraction.cc:282]   Features:        4513 (SIFT)
I20260526 21:49:44.365394 139719295848448 feature_extraction.cc:260] Processed file [13/174]
I20260526 21:49:44.365408 139719295848448 feature_extraction.cc:263]   Name:            frame_0012.jpg
I20260526 21:49:44.365416 139719295848448 feature_extraction.cc:272]   Dimensions:      720 x 1280
I20260526 21:49:44.365423 139719295848448 feature_extraction.cc:275]   Camera:          #1 - OPENCV
I20260526 21:49:44.365429 139719295848448 feature_extraction.cc:278]   Focal Length:    1536.00px
I20260526 21:49:44.365439 139719295848448 feature_extraction.cc:282]   Features:        3912 (SIFT)
I20260526 21:49:44.377889 139719295848448 feature_extraction.cc:260] Processed file [14/174]
I20260526 21:49:44.377906 139719295848448 feature_extraction.cc:263]   Name:            frame_0013.jpg
I20260526 21:49:44.377914 139719295848448 feature_extraction.cc:272]   Dimensions:      720 x 1280
I20260526 21:49:44.377921 139719295848448 feature_extraction.cc:275]   Camera:          #1 - OPENCV
I20260526 21:49:44.377930 139719295848448 feature_extraction.cc:278]   Focal Length:    1536.00px
I20260526 21:49:44.377939 139719295848448 feature_extraction.cc:282]   Features:        2931 (SIFT)
I20260526 21:49:44.390356 139719295848448 feature_extraction.cc:260] Processed file [15/174]
I20260526 21:49:44.390376 139719295848448 feature_extraction.cc:263]   Name:            frame_0014.jpg
I20260526 21:49:44.390384 139719295848448 feature_extraction.cc:272]   Dimensions:      720 x 1280
I20260526 21:49:44.390391 139719295848448 feature_extraction.cc:275]   Camera:          #1 - OPENCV
I20260526 21:49:44.390404 139719295848448 feature_extraction.cc:278]   Focal Length:    1536.00px
I20260526 21:49:44.390414 139719295848448 feature_extraction.cc:282]   Features:        3230 (SIFT)
I20260526 21:49:44.402241 139719295848448 feature_extraction.cc:260] Processed file [16/174]
I20260526 21:49:44.402255 139719295848448 feature_extraction.cc:263]   Name:            frame_0015.jpg
I20260526 21:49:44.402262 139719295848448 feature_extraction.cc:272]   Dimensions:      720 x 1280
I20260526 21:49:44.402268 139719295848448 feature_extraction.cc:275]   Camera:          #1 - OPENCV
I20260526 21:49:44.402273 139719295848448 feature_extraction.cc:278]   Focal Length:    1536.00px
I20260526 21:49:44.402280 139719295848448 feature_extraction.cc:282]   Features:        3180 (SIFT)
I20260526 21:49:44.415241 139719295848448 feature_extraction.cc:260] Processed file [17/174]
I20260526 21:49:44.415254 139719295848448 feature_extraction.cc:263]   Name:            frame_0016.jpg
I20260526 21:49:44.415261 139719295848448 feature_extraction.cc:272]   Dimensions:      720 x 1280
I20260526 21:49:44.415267 139719295848448 feature_extraction.cc:275]   Camera:          #1 - OPENCV
I20260526 21:49:44.415273 139719295848448 feature_extraction.cc:278]   Focal Length:    1536.00px
I20260526 21:49:44.415279 139719295848448 feature_extraction.cc:282]   Features:        4675 (SIFT)
I20260526 21:49:44.428787 139719295848448 feature_extraction.cc:260] Processed file [18/174]
I20260526 21:49:44.428802 139719295848448 feature_extraction.cc:263]   Name:            frame_0017.jpg
I20260526 21:49:44.428807 139719295848448 feature_extraction.cc:272]   Dimensions:      720 x 1280
I20260526 21:49:44.428811 139719295848448 feature_extraction.cc:275]   Camera:          #1 - OPENCV
I20260526 21:49:44.428815 139719295848448 feature_extraction.cc:278]   Focal Length:    1536.00px
I20260526 21:49:44.428820 139719295848448 feature_extraction.cc:282]   Features:        4473 (SIFT)
I20260526 21:49:44.441860 139719295848448 feature_extraction.cc:260] Processed file [19/174]
I20260526 21:49:44.441875 139719295848448 feature_extraction.cc:263]   Name:            frame_0018.jpg
I20260526 21:49:44.441880 139719295848448 feature_extraction.cc:272]   Dimensions:      720 x 1280
I20260526 21:49:44.441884 139719295848448 feature_extraction.cc:275]   Camera:          #1 - OPENCV
I20260526 21:49:44.441888 139719295848448 feature_extraction.cc:278]   Focal Length:    1536.00px
I20260526 21:49:44.441894 139719295848448 feature_extraction.cc:282]   Features:        4827 (SIFT)
I20260526 21:49:44.455393 139719295848448 feature_extraction.cc:260] Processed file [20/174]
I20260526 21:49:44.455407 139719295848448 feature_extraction.cc:263]   Name:            frame_0019.jpg
I20260526 21:49:44.455412 139719295848448 feature_extraction.cc:272]   Dimensions:      720 x 1280
I20260526 21:49:44.455416 139719295848448 feature_extraction.cc:275]   Camera:          #1 - OPENCV
I20260526 21:49:44.455420 139719295848448 feature_extraction.cc:278]   Focal Length:    1536.00px
I20260526 21:49:44.455426 139719295848448 feature_extraction.cc:282]   Features:        5059 (SIFT)
I20260526 21:49:44.468391 139719295848448 feature_extraction.cc:260] Processed file [21/174]
I20260526 21:49:44.468406 139719295848448 feature_extraction.cc:263]   Name:            frame_0020.jpg
I20260526 21:49:44.468410 139719295848448 feature_extraction.cc:272]   Dimensions:      720 x 1280
I20260526 21:49:44.468414 139719295848448 feature_extraction.cc:275]   Camera:          #1 - OPENCV
I20260526 21:49:44.468419 139719295848448 feature_extraction.cc:278]   Focal Length:    1536.00px
I20260526 21:49:44.468425 139719295848448 feature_extraction.cc:282]   Features:        4720 (SIFT)
I20260526 21:49:44.482040 139719295848448 feature_extraction.cc:260] Processed file [22/174]
I20260526 21:49:44.482049 139719295848448 feature_extraction.cc:263]   Name:            frame_0021.jpg
I20260526 21:49:44.482054 139719295848448 feature_extraction.cc:272]   Dimensions:      720 x 1280
I20260526 21:49:44.482067 139719295848448 feature_extraction.cc:275]   Camera:          #1 - OPENCV
I20260526 21:49:44.482072 139719295848448 feature_extraction.cc:278]   Focal Length:    1536.00px
I20260526 21:49:44.482081 139719295848448 feature_extraction.cc:282]   Features:        5945 (SIFT)
I20260526 21:49:44.495987 139719295848448 feature_extraction.cc:260] Processed file [23/174]
I20260526 21:49:44.496006 139719295848448 feature_extraction.cc:263]   Name:            frame_0022.jpg
I20260526 21:49:44.496014 139719295848448 feature_extraction.cc:272]   Dimensions:      720 x 1280
I20260526 21:49:44.496022 139719295848448 feature_extraction.cc:275]   Camera:          #1 - OPENCV
I20260526 21:49:44.496029 139719295848448 feature_extraction.cc:278]   Focal Length:    1536.00px
I20260526 21:49:44.496039 139719295848448 feature_extraction.cc:282]   Features:        5697 (SIFT)
I20260526 21:49:44.510006 139719295848448 feature_extraction.cc:260] Processed file [24/174]
I20260526 21:49:44.510018 139719295848448 feature_extraction.cc:263]   Name:            frame_0023.jpg
I20260526 21:49:44.510025 139719295848448 feature_extraction.cc:272]   Dimensions:      720 x 1280
I20260526 21:49:44.510030 139719295848448 feature_extraction.cc:275]   Camera:          #1 - OPENCV
I20260526 21:49:44.510036 139719295848448 feature_extraction.cc:278]   Focal Length:    1536.00px
I20260526 21:49:44.510043 139719295848448 feature_extraction.cc:282]   Features:        4881 (SIFT)
I20260526 21:49:44.523466 139719295848448 feature_extraction.cc:260] Processed file [25/174]
I20260526 21:49:44.523484 139719295848448 feature_extraction.cc:263]   Name:            frame_0024.jpg
I20260526 21:49:44.523489 139719295848448 feature_extraction.cc:272]   Dimensions:      720 x 1280
I20260526 21:49:44.523493 139719295848448 feature_extraction.cc:275]   Camera:          #1 - OPENCV
I20260526 21:49:44.523498 139719295848448 feature_extraction.cc:278]   Focal Length:    1536.00px
I20260526 21:49:44.523503 139719295848448 feature_extraction.cc:282]   Features:        4814 (SIFT)
I20260526 21:49:44.537120 139719295848448 feature_extraction.cc:260] Processed file [26/174]
I20260526 21:49:44.537133 139719295848448 feature_extraction.cc:263]   Name:            frame_0025.jpg
I20260526 21:49:44.537138 139719295848448 feature_extraction.cc:272]   Dimensions:      720 x 1280
I20260526 21:49:44.537141 139719295848448 feature_extraction.cc:275]   Camera:          #1 - OPENCV
I20260526 21:49:44.537144 139719295848448 feature_extraction.cc:278]   Focal Length:    1536.00px
I20260526 21:49:44.537149 139719295848448 feature_extraction.cc:282]   Features:        5617 (SIFT)
I20260526 21:49:44.551176 139719295848448 feature_extraction.cc:260] Processed file [27/174]
I20260526 21:49:44.551199 139719295848448 feature_extraction.cc:263]   Name:            frame_0026.jpg
I20260526 21:49:44.551206 139719295848448 feature_extraction.cc:272]   Dimensions:      720 x 1280
I20260526 21:49:44.551211 139719295848448 feature_extraction.cc:275]   Camera:          #1 - OPENCV
I20260526 21:49:44.551216 139719295848448 feature_extraction.cc:278]   Focal Length:    1536.00px
I20260526 21:49:44.551223 139719295848448 feature_extraction.cc:282]   Features:        6261 (SIFT)
I20260526 21:49:44.566173 139719295848448 feature_extraction.cc:260] Processed file [28/174]
I20260526 21:49:44.566200 139719295848448 feature_extraction.cc:263]   Name:            frame_0027.jpg
I20260526 21:49:44.566207 139719295848448 feature_extraction.cc:272]   Dimensions:      720 x 1280
I20260526 21:49:44.566211 139719295848448 feature_extraction.cc:275]   Camera:          #1 - OPENCV
I20260526 21:49:44.566215 139719295848448 feature_extraction.cc:278]   Focal Length:    1536.00px
I20260526 21:49:44.566222 139719295848448 feature_extraction.cc:282]   Features:        6696 (SIFT)
I20260526 21:49:44.583329 139719295848448 feature_extraction.cc:260] Processed file [29/174]
I20260526 21:49:44.583343 139719295848448 feature_extraction.cc:263]   Name:            frame_0028.jpg
I20260526 21:49:44.583347 139719295848448 feature_extraction.cc:272]   Dimensions:      720 x 1280
I20260526 21:49:44.583357 139719295848448 feature_extraction.cc:275]   Camera:          #1 - OPENCV
I20260526 21:49:44.583360 139719295848448 feature_extraction.cc:278]   Focal Length:    1536.00px
I20260526 21:49:44.583365 139719295848448 feature_extraction.cc:282]   Features:        6502 (SIFT)
I20260526 21:49:44.597667 139719295848448 feature_extraction.cc:260] Processed file [30/174]
I20260526 21:49:44.597691 139719295848448 feature_extraction.cc:263]   Name:            frame_0029.jpg
I20260526 21:49:44.597698 139719295848448 feature_extraction.cc:272]   Dimensions:      720 x 1280
I20260526 21:49:44.597704 139719295848448 feature_extraction.cc:275]   Camera:          #1 - OPENCV
I20260526 21:49:44.597710 139719295848448 feature_extraction.cc:278]   Focal Length:    1536.00px
I20260526 21:49:44.597717 139719295848448 feature_extraction.cc:282]   Features:        6144 (SIFT)
I20260526 21:49:44.609937 139719295848448 feature_extraction.cc:260] Processed file [31/174]
I20260526 21:49:44.609957 139719295848448 feature_extraction.cc:263]   Name:            frame_0030.jpg
I20260526 21:49:44.609961 139719295848448 feature_extraction.cc:272]   Dimensions:      720 x 1280
I20260526 21:49:44.609966 139719295848448 feature_extraction.cc:275]   Camera:          #1 - OPENCV
I20260526 21:49:44.609970 139719295848448 feature_extraction.cc:278]   Focal Length:    1536.00px
I20260526 21:49:44.609976 139719295848448 feature_extraction.cc:282]   Features:        2709 (SIFT)
I20260526 21:49:44.623298 139719295848448 feature_extraction.cc:260] Processed file [32/174]
I20260526 21:49:44.623319 139719295848448 feature_extraction.cc:263]   Name:            frame_0031.jpg
I20260526 21:49:44.623326 139719295848448 feature_extraction.cc:272]   Dimensions:      720 x 1280
I20260526 21:49:44.623332 139719295848448 feature_extraction.cc:275]   Camera:          #1 - OPENCV
I20260526 21:49:44.623338 139719295848448 feature_extraction.cc:278]   Focal Length:    1536.00px
I20260526 21:49:44.623345 139719295848448 feature_extraction.cc:282]   Features:        5046 (SIFT)
I20260526 21:49:44.637302 139719295848448 feature_extraction.cc:260] Processed file [33/174]
I20260526 21:49:44.637323 139719295848448 feature_extraction.cc:263]   Name:            frame_0032.jpg
I20260526 21:49:44.637328 139719295848448 feature_extraction.cc:272]   Dimensions:      720 x 1280
I20260526 21:49:44.637332 139719295848448 feature_extraction.cc:275]   Camera:          #1 - OPENCV
I20260526 21:49:44.637336 139719295848448 feature_extraction.cc:278]   Focal Length:    1536.00px
I20260526 21:49:44.637342 139719295848448 feature_extraction.cc:282]   Features:        6017 (SIFT)
I20260526 21:49:44.651197 139719295848448 feature_extraction.cc:260] Processed file [34/174]
I20260526 21:49:44.651210 139719295848448 feature_extraction.cc:263]   Name:            frame_0033.jpg
I20260526 21:49:44.651215 139719295848448 feature_extraction.cc:272]   Dimensions:      720 x 1280
I20260526 21:49:44.651219 139719295848448 feature_extraction.cc:275]   Camera:          #1 - OPENCV
I20260526 21:49:44.651223 139719295848448 feature_extraction.cc:278]   Focal Length:    1536.00px
I20260526 21:49:44.651229 139719295848448 feature_extraction.cc:282]   Features:        6048 (SIFT)
I20260526 21:49:44.664792 139719295848448 feature_extraction.cc:260] Processed file [35/174]
I20260526 21:49:44.664813 139719295848448 feature_extraction.cc:263]   Name:            frame_0034.jpg
I20260526 21:49:44.664822 139719295848448 feature_extraction.cc:272]   Dimensions:      720 x 1280
I20260526 21:49:44.664830 139719295848448 feature_extraction.cc:275]   Camera:          #1 - OPENCV
I20260526 21:49:44.664837 139719295848448 feature_extraction.cc:278]   Focal Length:    1536.00px
I20260526 21:49:44.664847 139719295848448 feature_extraction.cc:282]   Features:        4902 (SIFT)
I20260526 21:49:44.678621 139719295848448 feature_extraction.cc:260] Processed file [36/174]
I20260526 21:49:44.678632 139719295848448 feature_extraction.cc:263]   Name:            frame_0035.jpg
I20260526 21:49:44.678643 139719295848448 feature_extraction.cc:272]   Dimensions:      720 x 1280
I20260526 21:49:44.678649 139719295848448 feature_extraction.cc:275]   Camera:          #1 - OPENCV
I20260526 21:49:44.678655 139719295848448 feature_extraction.cc:278]   Focal Length:    1536.00px
I20260526 21:49:44.678663 139719295848448 feature_extraction.cc:282]   Features:        4911 (SIFT)
I20260526 21:49:44.692207 139719295848448 feature_extraction.cc:260] Processed file [37/174]
I20260526 21:49:44.692224 139719295848448 feature_extraction.cc:263]   Name:            frame_0036.jpg
I20260526 21:49:44.692230 139719295848448 feature_extraction.cc:272]   Dimensions:      720 x 1280
I20260526 21:49:44.692235 139719295848448 feature_extraction.cc:275]   Camera:          #1 - OPENCV
I20260526 21:49:44.692241 139719295848448 feature_extraction.cc:278]   Focal Length:    1536.00px
I20260526 21:49:44.692249 139719295848448 feature_extraction.cc:282]   Features:        5044 (SIFT)
I20260526 21:49:44.706455 139719295848448 feature_extraction.cc:260] Processed file [38/174]
I20260526 21:49:44.706469 139719295848448 feature_extraction.cc:263]   Name:            frame_0037.jpg
I20260526 21:49:44.706474 139719295848448 feature_extraction.cc:272]   Dimensions:      720 x 1280
I20260526 21:49:44.706478 139719295848448 feature_extraction.cc:275]   Camera:          #1 - OPENCV
I20260526 21:49:44.706482 139719295848448 feature_extraction.cc:278]   Focal Length:    1536.00px
I20260526 21:49:44.706488 139719295848448 feature_extraction.cc:282]   Features:        5693 (SIFT)
I20260526 21:49:44.719936 139719295848448 feature_extraction.cc:260] Processed file [39/174]
I20260526 21:49:44.719952 139719295848448 feature_extraction.cc:263]   Name:            frame_0038.jpg
I20260526 21:49:44.719957 139719295848448 feature_extraction.cc:272]   Dimensions:      720 x 1280
I20260526 21:49:44.719961 139719295848448 feature_extraction.cc:275]   Camera:          #1 - OPENCV
I20260526 21:49:44.719966 139719295848448 feature_extraction.cc:278]   Focal Length:    1536.00px
I20260526 21:49:44.719971 139719295848448 feature_extraction.cc:282]   Features:        5518 (SIFT)
I20260526 21:49:44.733773 139719295848448 feature_extraction.cc:260] Processed file [40/174]
I20260526 21:49:44.733789 139719295848448 feature_extraction.cc:263]   Name:            frame_0039.jpg
I20260526 21:49:44.733795 139719295848448 feature_extraction.cc:272]   Dimensions:      720 x 1280
I20260526 21:49:44.733800 139719295848448 feature_extraction.cc:275]   Camera:          #1 - OPENCV
I20260526 21:49:44.733805 139719295848448 feature_extraction.cc:278]   Focal Length:    1536.00px
I20260526 21:49:44.733812 139719295848448 feature_extraction.cc:282]   Features:        5807 (SIFT)
I20260526 21:49:44.748284 139719295848448 feature_extraction.cc:260] Processed file [41/174]
I20260526 21:49:44.748298 139719295848448 feature_extraction.cc:263]   Name:            frame_0040.jpg
I20260526 21:49:44.748303 139719295848448 feature_extraction.cc:272]   Dimensions:      720 x 1280
I20260526 21:49:44.748308 139719295848448 feature_extraction.cc:275]   Camera:          #1 - OPENCV
I20260526 21:49:44.748312 139719295848448 feature_extraction.cc:278]   Focal Length:    1536.00px
I20260526 21:49:44.748317 139719295848448 feature_extraction.cc:282]   Features:        6737 (SIFT)
I20260526 21:49:44.762511 139719295848448 feature_extraction.cc:260] Processed file [42/174]
I20260526 21:49:44.762525 139719295848448 feature_extraction.cc:263]   Name:            frame_0041.jpg
I20260526 21:49:44.762530 139719295848448 feature_extraction.cc:272]   Dimensions:      720 x 1280
I20260526 21:49:44.762534 139719295848448 feature_extraction.cc:275]   Camera:          #1 - OPENCV
I20260526 21:49:44.762538 139719295848448 feature_extraction.cc:278]   Focal Length:    1536.00px
I20260526 21:49:44.762544 139719295848448 feature_extraction.cc:282]   Features:        6328 (SIFT)
I20260526 21:49:44.776472 139719295848448 feature_extraction.cc:260] Processed file [43/174]
I20260526 21:49:44.776487 139719295848448 feature_extraction.cc:263]   Name:            frame_0042.jpg
I20260526 21:49:44.776499 139719295848448 feature_extraction.cc:272]   Dimensions:      720 x 1280
I20260526 21:49:44.776503 139719295848448 feature_extraction.cc:275]   Camera:          #1 - OPENCV
I20260526 21:49:44.776507 139719295848448 feature_extraction.cc:278]   Focal Length:    1536.00px
I20260526 21:49:44.776513 139719295848448 feature_extraction.cc:282]   Features:        5551 (SIFT)
I20260526 21:49:44.791110 139719295848448 feature_extraction.cc:260] Processed file [44/174]
I20260526 21:49:44.791136 139719295848448 feature_extraction.cc:263]   Name:            frame_0043.jpg
I20260526 21:49:44.791142 139719295848448 feature_extraction.cc:272]   Dimensions:      720 x 1280
I20260526 21:49:44.791146 139719295848448 feature_extraction.cc:275]   Camera:          #1 - OPENCV
I20260526 21:49:44.791151 139719295848448 feature_extraction.cc:278]   Focal Length:    1536.00px
I20260526 21:49:44.791157 139719295848448 feature_extraction.cc:282]   Features:        6537 (SIFT)
I20260526 21:49:44.805009 139719295848448 feature_extraction.cc:260] Processed file [45/174]
I20260526 21:49:44.805028 139719295848448 feature_extraction.cc:263]   Name:            frame_0044.jpg
I20260526 21:49:44.805034 139719295848448 feature_extraction.cc:272]   Dimensions:      720 x 1280
I20260526 21:49:44.805038 139719295848448 feature_extraction.cc:275]   Camera:          #1 - OPENCV
I20260526 21:49:44.805042 139719295848448 feature_extraction.cc:278]   Focal Length:    1536.00px
I20260526 21:49:44.805049 139719295848448 feature_extraction.cc:282]   Features:        6197 (SIFT)
I20260526 21:49:44.818880 139719295848448 feature_extraction.cc:260] Processed file [46/174]
I20260526 21:49:44.818898 139719295848448 feature_extraction.cc:263]   Name:            frame_0045.jpg
I20260526 21:49:44.818904 139719295848448 feature_extraction.cc:272]   Dimensions:      720 x 1280
I20260526 21:49:44.818908 139719295848448 feature_extraction.cc:275]   Camera:          #1 - OPENCV
I20260526 21:49:44.818913 139719295848448 feature_extraction.cc:278]   Focal Length:    1536.00px
I20260526 21:49:44.818918 139719295848448 feature_extraction.cc:282]   Features:        5711 (SIFT)
I20260526 21:49:44.832038 139719295848448 feature_extraction.cc:260] Processed file [47/174]
I20260526 21:49:44.832052 139719295848448 feature_extraction.cc:263]   Name:            frame_0046.jpg
I20260526 21:49:44.832058 139719295848448 feature_extraction.cc:272]   Dimensions:      720 x 1280
I20260526 21:49:44.832062 139719295848448 feature_extraction.cc:275]   Camera:          #1 - OPENCV
I20260526 21:49:44.832066 139719295848448 feature_extraction.cc:278]   Focal Length:    1536.00px
I20260526 21:49:44.832071 139719295848448 feature_extraction.cc:282]   Features:        5190 (SIFT)
I20260526 21:49:44.845824 139719295848448 feature_extraction.cc:260] Processed file [48/174]
I20260526 21:49:44.845837 139719295848448 feature_extraction.cc:263]   Name:            frame_0047.jpg
I20260526 21:49:44.845842 139719295848448 feature_extraction.cc:272]   Dimensions:      720 x 1280
I20260526 21:49:44.845846 139719295848448 feature_extraction.cc:275]   Camera:          #1 - OPENCV
I20260526 21:49:44.845850 139719295848448 feature_extraction.cc:278]   Focal Length:    1536.00px
I20260526 21:49:44.845856 139719295848448 feature_extraction.cc:282]   Features:        5014 (SIFT)
I20260526 21:49:44.858775 139719295848448 feature_extraction.cc:260] Processed file [49/174]
I20260526 21:49:44.858789 139719295848448 feature_extraction.cc:263]   Name:            frame_0048.jpg
I20260526 21:49:44.858795 139719295848448 feature_extraction.cc:272]   Dimensions:      720 x 1280
I20260526 21:49:44.858799 139719295848448 feature_extraction.cc:275]   Camera:          #1 - OPENCV
I20260526 21:49:44.858804 139719295848448 feature_extraction.cc:278]   Focal Length:    1536.00px
I20260526 21:49:44.858809 139719295848448 feature_extraction.cc:282]   Features:        4386 (SIFT)
I20260526 21:49:44.872525 139719295848448 feature_extraction.cc:260] Processed file [50/174]
I20260526 21:49:44.872544 139719295848448 feature_extraction.cc:263]   Name:            frame_0049.jpg
I20260526 21:49:44.872549 139719295848448 feature_extraction.cc:272]   Dimensions:      720 x 1280
I20260526 21:49:44.872553 139719295848448 feature_extraction.cc:275]   Camera:          #1 - OPENCV
I20260526 21:49:44.872557 139719295848448 feature_extraction.cc:278]   Focal Length:    1536.00px
I20260526 21:49:44.872562 139719295848448 feature_extraction.cc:282]   Features:        4957 (SIFT)
I20260526 21:49:44.885748 139719295848448 feature_extraction.cc:260] Processed file [51/174]
I20260526 21:49:44.885762 139719295848448 feature_extraction.cc:263]   Name:            frame_0050.jpg
I20260526 21:49:44.885767 139719295848448 feature_extraction.cc:272]   Dimensions:      720 x 1280
I20260526 21:49:44.885772 139719295848448 feature_extraction.cc:275]   Camera:          #1 - OPENCV
I20260526 21:49:44.885777 139719295848448 feature_extraction.cc:278]   Focal Length:    1536.00px
I20260526 21:49:44.885783 139719295848448 feature_extraction.cc:282]   Features:        5044 (SIFT)
I20260526 21:49:44.897818 139719295848448 feature_extraction.cc:260] Processed file [52/174]
I20260526 21:49:44.897834 139719295848448 feature_extraction.cc:263]   Name:            frame_0051.jpg
I20260526 21:49:44.897838 139719295848448 feature_extraction.cc:272]   Dimensions:      720 x 1280
I20260526 21:49:44.897843 139719295848448 feature_extraction.cc:275]   Camera:          #1 - OPENCV
I20260526 21:49:44.897847 139719295848448 feature_extraction.cc:278]   Focal Length:    1536.00px
I20260526 21:49:44.897852 139719295848448 feature_extraction.cc:282]   Features:        4275 (SIFT)
I20260526 21:49:44.910904 139719295848448 feature_extraction.cc:260] Processed file [53/174]
I20260526 21:49:44.910921 139719295848448 feature_extraction.cc:263]   Name:            frame_0052.jpg
I20260526 21:49:44.910927 139719295848448 feature_extraction.cc:272]   Dimensions:      720 x 1280
I20260526 21:49:44.910932 139719295848448 feature_extraction.cc:275]   Camera:          #1 - OPENCV
I20260526 21:49:44.910936 139719295848448 feature_extraction.cc:278]   Focal Length:    1536.00px
I20260526 21:49:44.910945 139719295848448 feature_extraction.cc:282]   Features:        4387 (SIFT)
I20260526 21:49:44.924641 139719295848448 feature_extraction.cc:260] Processed file [54/174]
I20260526 21:49:44.924658 139719295848448 feature_extraction.cc:263]   Name:            frame_0053.jpg
I20260526 21:49:44.924663 139719295848448 feature_extraction.cc:272]   Dimensions:      720 x 1280
I20260526 21:49:44.924668 139719295848448 feature_extraction.cc:275]   Camera:          #1 - OPENCV
I20260526 21:49:44.924673 139719295848448 feature_extraction.cc:278]   Focal Length:    1536.00px
I20260526 21:49:44.924680 139719295848448 feature_extraction.cc:282]   Features:        4911 (SIFT)
I20260526 21:49:44.937617 139719295848448 feature_extraction.cc:260] Processed file [55/174]
I20260526 21:49:44.937637 139719295848448 feature_extraction.cc:263]   Name:            frame_0054.jpg
I20260526 21:49:44.937643 139719295848448 feature_extraction.cc:272]   Dimensions:      720 x 1280
I20260526 21:49:44.937649 139719295848448 feature_extraction.cc:275]   Camera:          #1 - OPENCV
I20260526 21:49:44.937653 139719295848448 feature_extraction.cc:278]   Focal Length:    1536.00px
I20260526 21:49:44.937659 139719295848448 feature_extraction.cc:282]   Features:        4235 (SIFT)
I20260526 21:49:44.950522 139719295848448 feature_extraction.cc:260] Processed file [56/174]
I20260526 21:49:44.950538 139719295848448 feature_extraction.cc:263]   Name:            frame_0055.jpg
I20260526 21:49:44.950543 139719295848448 feature_extraction.cc:272]   Dimensions:      720 x 1280
I20260526 21:49:44.950548 139719295848448 feature_extraction.cc:275]   Camera:          #1 - OPENCV
I20260526 21:49:44.950552 139719295848448 feature_extraction.cc:278]   Focal Length:    1536.00px
I20260526 21:49:44.950557 139719295848448 feature_extraction.cc:282]   Features:        4155 (SIFT)
I20260526 21:49:44.963758 139719295848448 feature_extraction.cc:260] Processed file [57/174]
I20260526 21:49:44.963780 139719295848448 feature_extraction.cc:263]   Name:            frame_0056.jpg
I20260526 21:49:44.963785 139719295848448 feature_extraction.cc:272]   Dimensions:      720 x 1280
I20260526 21:49:44.963789 139719295848448 feature_extraction.cc:275]   Camera:          #1 - OPENCV
I20260526 21:49:44.963793 139719295848448 feature_extraction.cc:278]   Focal Length:    1536.00px
I20260526 21:49:44.963800 139719295848448 feature_extraction.cc:282]   Features:        3008 (SIFT)
I20260526 21:49:44.977445 139719295848448 feature_extraction.cc:260] Processed file [58/174]
I20260526 21:49:44.977468 139719295848448 feature_extraction.cc:263]   Name:            frame_0057.jpg
I20260526 21:49:44.977473 139719295848448 feature_extraction.cc:272]   Dimensions:      720 x 1280
I20260526 21:49:44.977478 139719295848448 feature_extraction.cc:275]   Camera:          #1 - OPENCV
I20260526 21:49:44.977482 139719295848448 feature_extraction.cc:278]   Focal Length:    1536.00px
I20260526 21:49:44.977489 139719295848448 feature_extraction.cc:282]   Features:        3468 (SIFT)
I20260526 21:49:44.991544 139719295848448 feature_extraction.cc:260] Processed file [59/174]
I20260526 21:49:44.991562 139719295848448 feature_extraction.cc:263]   Name:            recon_000005.jpg
I20260526 21:49:44.991568 139719295848448 feature_extraction.cc:272]   Dimensions:      720 x 1280
I20260526 21:49:44.991572 139719295848448 feature_extraction.cc:275]   Camera:          #1 - OPENCV
I20260526 21:49:44.991577 139719295848448 feature_extraction.cc:278]   Focal Length:    1536.00px
I20260526 21:49:44.991583 139719295848448 feature_extraction.cc:282]   Features:        5586 (SIFT)
I20260526 21:49:45.004013 139719295848448 feature_extraction.cc:260] Processed file [60/174]
I20260526 21:49:45.004034 139719295848448 feature_extraction.cc:263]   Name:            recon_000010.jpg
I20260526 21:49:45.004040 139719295848448 feature_extraction.cc:272]   Dimensions:      720 x 1280
I20260526 21:49:45.004045 139719295848448 feature_extraction.cc:275]   Camera:          #1 - OPENCV
I20260526 21:49:45.004049 139719295848448 feature_extraction.cc:278]   Focal Length:    1536.00px
I20260526 21:49:45.004057 139719295848448 feature_extraction.cc:282]   Features:        4184 (SIFT)
I20260526 21:49:45.017304 139719295848448 feature_extraction.cc:260] Processed file [61/174]
I20260526 21:49:45.017320 139719295848448 feature_extraction.cc:263]   Name:            recon_000020.jpg
I20260526 21:49:45.017325 139719295848448 feature_extraction.cc:272]   Dimensions:      720 x 1280
I20260526 21:49:45.017330 139719295848448 feature_extraction.cc:275]   Camera:          #1 - OPENCV
I20260526 21:49:45.017334 139719295848448 feature_extraction.cc:278]   Focal Length:    1536.00px
I20260526 21:49:45.017340 139719295848448 feature_extraction.cc:282]   Features:        4022 (SIFT)
I20260526 21:49:45.030114 139719295848448 feature_extraction.cc:260] Processed file [62/174]
I20260526 21:49:45.030133 139719295848448 feature_extraction.cc:263]   Name:            recon_000025.jpg
I20260526 21:49:45.030139 139719295848448 feature_extraction.cc:272]   Dimensions:      720 x 1280
I20260526 21:49:45.030145 139719295848448 feature_extraction.cc:275]   Camera:          #1 - OPENCV
I20260526 21:49:45.030150 139719295848448 feature_extraction.cc:278]   Focal Length:    1536.00px
I20260526 21:49:45.030155 139719295848448 feature_extraction.cc:282]   Features:        3713 (SIFT)
I20260526 21:49:45.044495 139719295848448 feature_extraction.cc:260] Processed file [63/174]
I20260526 21:49:45.044511 139719295848448 feature_extraction.cc:263]   Name:            recon_000035.jpg
I20260526 21:49:45.044520 139719295848448 feature_extraction.cc:272]   Dimensions:      720 x 1280
I20260526 21:49:45.044526 139719295848448 feature_extraction.cc:275]   Camera:          #1 - OPENCV
I20260526 21:49:45.044533 139719295848448 feature_extraction.cc:278]   Focal Length:    1536.00px
I20260526 21:49:45.044540 139719295848448 feature_extraction.cc:282]   Features:        4832 (SIFT)
I20260526 21:49:45.057999 139719295848448 feature_extraction.cc:260] Processed file [64/174]
I20260526 21:49:45.058015 139719295848448 feature_extraction.cc:263]   Name:            recon_000040.jpg
I20260526 21:49:45.058022 139719295848448 feature_extraction.cc:272]   Dimensions:      720 x 1280
I20260526 21:49:45.058028 139719295848448 feature_extraction.cc:275]   Camera:          #1 - OPENCV
I20260526 21:49:45.058033 139719295848448 feature_extraction.cc:278]   Focal Length:    1536.00px
I20260526 21:49:45.058040 139719295848448 feature_extraction.cc:282]   Features:        4999 (SIFT)
I20260526 21:49:45.071279 139719295848448 feature_extraction.cc:260] Processed file [65/174]
I20260526 21:49:45.071292 139719295848448 feature_extraction.cc:263]   Name:            recon_000050.jpg
I20260526 21:49:45.071297 139719295848448 feature_extraction.cc:272]   Dimensions:      720 x 1280
I20260526 21:49:45.071302 139719295848448 feature_extraction.cc:275]   Camera:          #1 - OPENCV
I20260526 21:49:45.071307 139719295848448 feature_extraction.cc:278]   Focal Length:    1536.00px
I20260526 21:49:45.071313 139719295848448 feature_extraction.cc:282]   Features:        5941 (SIFT)
I20260526 21:49:45.084977 139719295848448 feature_extraction.cc:260] Processed file [66/174]
I20260526 21:49:45.084992 139719295848448 feature_extraction.cc:263]   Name:            recon_000055.jpg
I20260526 21:49:45.085007 139719295848448 feature_extraction.cc:272]   Dimensions:      720 x 1280
I20260526 21:49:45.085013 139719295848448 feature_extraction.cc:275]   Camera:          #1 - OPENCV
I20260526 21:49:45.085020 139719295848448 feature_extraction.cc:278]   Focal Length:    1536.00px
I20260526 21:49:45.085036 139719295848448 feature_extraction.cc:282]   Features:        5902 (SIFT)
I20260526 21:49:45.099047 139719295848448 feature_extraction.cc:260] Processed file [67/174]
I20260526 21:49:45.099059 139719295848448 feature_extraction.cc:263]   Name:            recon_000065.jpg
I20260526 21:49:45.099064 139719295848448 feature_extraction.cc:272]   Dimensions:      720 x 1280
I20260526 21:49:45.099068 139719295848448 feature_extraction.cc:275]   Camera:          #1 - OPENCV
I20260526 21:49:45.099072 139719295848448 feature_extraction.cc:278]   Focal Length:    1536.00px
I20260526 21:49:45.099077 139719295848448 feature_extraction.cc:282]   Features:        6436 (SIFT)
I20260526 21:49:45.113559 139719295848448 feature_extraction.cc:260] Processed file [68/174]
I20260526 21:49:45.113575 139719295848448 feature_extraction.cc:263]   Name:            recon_000070.jpg
I20260526 21:49:45.113579 139719295848448 feature_extraction.cc:272]   Dimensions:      720 x 1280
I20260526 21:49:45.113583 139719295848448 feature_extraction.cc:275]   Camera:          #1 - OPENCV
I20260526 21:49:45.113588 139719295848448 feature_extraction.cc:278]   Focal Length:    1536.00px
I20260526 21:49:45.113593 139719295848448 feature_extraction.cc:282]   Features:        6409 (SIFT)
I20260526 21:49:45.127891 139719295848448 feature_extraction.cc:260] Processed file [69/174]
I20260526 21:49:45.127905 139719295848448 feature_extraction.cc:263]   Name:            recon_000080.jpg
I20260526 21:49:45.127911 139719295848448 feature_extraction.cc:272]   Dimensions:      720 x 1280
I20260526 21:49:45.127917 139719295848448 feature_extraction.cc:275]   Camera:          #1 - OPENCV
I20260526 21:49:45.127923 139719295848448 feature_extraction.cc:278]   Focal Length:    1536.00px
I20260526 21:49:45.127930 139719295848448 feature_extraction.cc:282]   Features:        6013 (SIFT)
I20260526 21:49:45.140854 139719295848448 feature_extraction.cc:260] Processed file [70/174]
I20260526 21:49:45.140874 139719295848448 feature_extraction.cc:263]   Name:            recon_000085.jpg
I20260526 21:49:45.140881 139719295848448 feature_extraction.cc:272]   Dimensions:      720 x 1280
I20260526 21:49:45.140888 139719295848448 feature_extraction.cc:275]   Camera:          #1 - OPENCV
I20260526 21:49:45.140895 139719295848448 feature_extraction.cc:278]   Focal Length:    1536.00px
I20260526 21:49:45.140914 139719295848448 feature_extraction.cc:282]   Features:        4099 (SIFT)
I20260526 21:49:45.154392 139719295848448 feature_extraction.cc:260] Processed file [71/174]
I20260526 21:49:45.154410 139719295848448 feature_extraction.cc:263]   Name:            recon_000095.jpg
I20260526 21:49:45.154418 139719295848448 feature_extraction.cc:272]   Dimensions:      720 x 1280
I20260526 21:49:45.154425 139719295848448 feature_extraction.cc:275]   Camera:          #1 - OPENCV
I20260526 21:49:45.154432 139719295848448 feature_extraction.cc:278]   Focal Length:    1536.00px
I20260526 21:49:45.154443 139719295848448 feature_extraction.cc:282]   Features:        5438 (SIFT)
I20260526 21:49:45.167955 139719295848448 feature_extraction.cc:260] Processed file [72/174]
I20260526 21:49:45.167971 139719295848448 feature_extraction.cc:263]   Name:            recon_000100.jpg
I20260526 21:49:45.167985 139719295848448 feature_extraction.cc:272]   Dimensions:      720 x 1280
I20260526 21:49:45.167992 139719295848448 feature_extraction.cc:275]   Camera:          #1 - OPENCV
I20260526 21:49:45.167998 139719295848448 feature_extraction.cc:278]   Focal Length:    1536.00px
I20260526 21:49:45.168014 139719295848448 feature_extraction.cc:282]   Features:        5566 (SIFT)
I20260526 21:49:45.181353 139719295848448 feature_extraction.cc:260] Processed file [73/174]
I20260526 21:49:45.181370 139719295848448 feature_extraction.cc:263]   Name:            recon_000110.jpg
I20260526 21:49:45.181376 139719295848448 feature_extraction.cc:272]   Dimensions:      720 x 1280
I20260526 21:49:45.181382 139719295848448 feature_extraction.cc:275]   Camera:          #1 - OPENCV
I20260526 21:49:45.181388 139719295848448 feature_extraction.cc:278]   Focal Length:    1536.00px
I20260526 21:49:45.181395 139719295848448 feature_extraction.cc:282]   Features:        4005 (SIFT)
I20260526 21:49:45.195078 139719295848448 feature_extraction.cc:260] Processed file [74/174]
I20260526 21:49:45.195093 139719295848448 feature_extraction.cc:263]   Name:            recon_000115.jpg
I20260526 21:49:45.195100 139719295848448 feature_extraction.cc:272]   Dimensions:      720 x 1280
I20260526 21:49:45.195105 139719295848448 feature_extraction.cc:275]   Camera:          #1 - OPENCV
I20260526 21:49:45.195111 139719295848448 feature_extraction.cc:278]   Focal Length:    1536.00px
I20260526 21:49:45.195118 139719295848448 feature_extraction.cc:282]   Features:        4876 (SIFT)
I20260526 21:49:45.208581 139719295848448 feature_extraction.cc:260] Processed file [75/174]
I20260526 21:49:45.208596 139719295848448 feature_extraction.cc:263]   Name:            recon_000125.jpg
I20260526 21:49:45.208603 139719295848448 feature_extraction.cc:272]   Dimensions:      720 x 1280
I20260526 21:49:45.208608 139719295848448 feature_extraction.cc:275]   Camera:          #1 - OPENCV
I20260526 21:49:45.208614 139719295848448 feature_extraction.cc:278]   Focal Length:    1536.00px
I20260526 21:49:45.208621 139719295848448 feature_extraction.cc:282]   Features:        4820 (SIFT)
I20260526 21:49:45.221794 139719295848448 feature_extraction.cc:260] Processed file [76/174]
I20260526 21:49:45.221810 139719295848448 feature_extraction.cc:263]   Name:            recon_000130.jpg
I20260526 21:49:45.221818 139719295848448 feature_extraction.cc:272]   Dimensions:      720 x 1280
I20260526 21:49:45.221825 139719295848448 feature_extraction.cc:275]   Camera:          #1 - OPENCV
I20260526 21:49:45.221832 139719295848448 feature_extraction.cc:278]   Focal Length:    1536.00px
I20260526 21:49:45.221842 139719295848448 feature_extraction.cc:282]   Features:        4792 (SIFT)
I20260526 21:49:45.235355 139719295848448 feature_extraction.cc:260] Processed file [77/174]
I20260526 21:49:45.235368 139719295848448 feature_extraction.cc:263]   Name:            recon_000140.jpg
I20260526 21:49:45.235373 139719295848448 feature_extraction.cc:272]   Dimensions:      720 x 1280
I20260526 21:49:45.235379 139719295848448 feature_extraction.cc:275]   Camera:          #1 - OPENCV
I20260526 21:49:45.235383 139719295848448 feature_extraction.cc:278]   Focal Length:    1536.00px
I20260526 21:49:45.235394 139719295848448 feature_extraction.cc:282]   Features:        4955 (SIFT)
I20260526 21:49:45.248739 139719295848448 feature_extraction.cc:260] Processed file [78/174]
I20260526 21:49:45.248752 139719295848448 feature_extraction.cc:263]   Name:            recon_000145.jpg
I20260526 21:49:45.248757 139719295848448 feature_extraction.cc:272]   Dimensions:      720 x 1280
I20260526 21:49:45.248761 139719295848448 feature_extraction.cc:275]   Camera:          #1 - OPENCV
I20260526 21:49:45.248766 139719295848448 feature_extraction.cc:278]   Focal Length:    1536.00px
I20260526 21:49:45.248772 139719295848448 feature_extraction.cc:282]   Features:        5051 (SIFT)
I20260526 21:49:45.262619 139719295848448 feature_extraction.cc:260] Processed file [79/174]
I20260526 21:49:45.262631 139719295848448 feature_extraction.cc:263]   Name:            recon_000155.jpg
I20260526 21:49:45.262636 139719295848448 feature_extraction.cc:272]   Dimensions:      720 x 1280
I20260526 21:49:45.262641 139719295848448 feature_extraction.cc:275]   Camera:          #1 - OPENCV
I20260526 21:49:45.262646 139719295848448 feature_extraction.cc:278]   Focal Length:    1536.00px
I20260526 21:49:45.262652 139719295848448 feature_extraction.cc:282]   Features:        4936 (SIFT)
I20260526 21:49:45.276157 139719295848448 feature_extraction.cc:260] Processed file [80/174]
I20260526 21:49:45.276170 139719295848448 feature_extraction.cc:263]   Name:            recon_000160.jpg
I20260526 21:49:45.276177 139719295848448 feature_extraction.cc:272]   Dimensions:      720 x 1280
I20260526 21:49:45.276182 139719295848448 feature_extraction.cc:275]   Camera:          #1 - OPENCV
I20260526 21:49:45.276188 139719295848448 feature_extraction.cc:278]   Focal Length:    1536.00px
I20260526 21:49:45.276198 139719295848448 feature_extraction.cc:282]   Features:        5044 (SIFT)
I20260526 21:49:45.289649 139719295848448 feature_extraction.cc:260] Processed file [81/174]
I20260526 21:49:45.289664 139719295848448 feature_extraction.cc:263]   Name:            recon_000170.jpg
I20260526 21:49:45.289670 139719295848448 feature_extraction.cc:272]   Dimensions:      720 x 1280
I20260526 21:49:45.289676 139719295848448 feature_extraction.cc:275]   Camera:          #1 - OPENCV
I20260526 21:49:45.289682 139719295848448 feature_extraction.cc:278]   Focal Length:    1536.00px
I20260526 21:49:45.289689 139719295848448 feature_extraction.cc:282]   Features:        4751 (SIFT)
I20260526 21:49:45.302144 139719295848448 feature_extraction.cc:260] Processed file [82/174]
I20260526 21:49:45.302161 139719295848448 feature_extraction.cc:263]   Name:            recon_000175.jpg
I20260526 21:49:45.302168 139719295848448 feature_extraction.cc:272]   Dimensions:      720 x 1280
I20260526 21:49:45.302173 139719295848448 feature_extraction.cc:275]   Camera:          #1 - OPENCV
I20260526 21:49:45.302179 139719295848448 feature_extraction.cc:278]   Focal Length:    1536.00px
I20260526 21:49:45.302187 139719295848448 feature_extraction.cc:282]   Features:        4525 (SIFT)
I20260526 21:49:45.314729 139719295848448 feature_extraction.cc:260] Processed file [83/174]
I20260526 21:49:45.314748 139719295848448 feature_extraction.cc:263]   Name:            recon_000185.jpg
I20260526 21:49:45.314754 139719295848448 feature_extraction.cc:272]   Dimensions:      720 x 1280
I20260526 21:49:45.314759 139719295848448 feature_extraction.cc:275]   Camera:          #1 - OPENCV
I20260526 21:49:45.314766 139719295848448 feature_extraction.cc:278]   Focal Length:    1536.00px
I20260526 21:49:45.314775 139719295848448 feature_extraction.cc:282]   Features:        3760 (SIFT)
I20260526 21:49:45.327230 139719295848448 feature_extraction.cc:260] Processed file [84/174]
I20260526 21:49:45.327248 139719295848448 feature_extraction.cc:263]   Name:            recon_000190.jpg
I20260526 21:49:45.327252 139719295848448 feature_extraction.cc:272]   Dimensions:      720 x 1280
I20260526 21:49:45.327256 139719295848448 feature_extraction.cc:275]   Camera:          #1 - OPENCV
I20260526 21:49:45.327268 139719295848448 feature_extraction.cc:278]   Focal Length:    1536.00px
I20260526 21:49:45.327277 139719295848448 feature_extraction.cc:282]   Features:        3277 (SIFT)
I20260526 21:49:45.339833 139719295848448 feature_extraction.cc:260] Processed file [85/174]
I20260526 21:49:45.339847 139719295848448 feature_extraction.cc:263]   Name:            recon_000200.jpg
I20260526 21:49:45.339852 139719295848448 feature_extraction.cc:272]   Dimensions:      720 x 1280
I20260526 21:49:45.339857 139719295848448 feature_extraction.cc:275]   Camera:          #1 - OPENCV
I20260526 21:49:45.339862 139719295848448 feature_extraction.cc:278]   Focal Length:    1536.00px
I20260526 21:49:45.339869 139719295848448 feature_extraction.cc:282]   Features:        3043 (SIFT)
I20260526 21:49:45.351800 139719295848448 feature_extraction.cc:260] Processed file [86/174]
I20260526 21:49:45.351814 139719295848448 feature_extraction.cc:263]   Name:            recon_000205.jpg
I20260526 21:49:45.351818 139719295848448 feature_extraction.cc:272]   Dimensions:      720 x 1280
I20260526 21:49:45.351822 139719295848448 feature_extraction.cc:275]   Camera:          #1 - OPENCV
I20260526 21:49:45.351826 139719295848448 feature_extraction.cc:278]   Focal Length:    1536.00px
I20260526 21:49:45.351832 139719295848448 feature_extraction.cc:282]   Features:        3005 (SIFT)
I20260526 21:49:45.363805 139719295848448 feature_extraction.cc:260] Processed file [87/174]
I20260526 21:49:45.363819 139719295848448 feature_extraction.cc:263]   Name:            recon_000215.jpg
I20260526 21:49:45.363824 139719295848448 feature_extraction.cc:272]   Dimensions:      720 x 1280
I20260526 21:49:45.363829 139719295848448 feature_extraction.cc:275]   Camera:          #1 - OPENCV
I20260526 21:49:45.363833 139719295848448 feature_extraction.cc:278]   Focal Length:    1536.00px
I20260526 21:49:45.363839 139719295848448 feature_extraction.cc:282]   Features:        3258 (SIFT)
I20260526 21:49:45.376064 139719295848448 feature_extraction.cc:260] Processed file [88/174]
I20260526 21:49:45.376078 139719295848448 feature_extraction.cc:263]   Name:            recon_000220.jpg
I20260526 21:49:45.376083 139719295848448 feature_extraction.cc:272]   Dimensions:      720 x 1280
I20260526 21:49:45.376088 139719295848448 feature_extraction.cc:275]   Camera:          #1 - OPENCV
I20260526 21:49:45.376092 139719295848448 feature_extraction.cc:278]   Focal Length:    1536.00px
I20260526 21:49:45.376098 139719295848448 feature_extraction.cc:282]   Features:        3235 (SIFT)
I20260526 21:49:45.388739 139719295848448 feature_extraction.cc:260] Processed file [89/174]
I20260526 21:49:45.388752 139719295848448 feature_extraction.cc:263]   Name:            recon_000230.jpg
I20260526 21:49:45.388758 139719295848448 feature_extraction.cc:272]   Dimensions:      720 x 1280
I20260526 21:49:45.388832 139719295848448 feature_extraction.cc:275]   Camera:          #1 - OPENCV
I20260526 21:49:45.388840 139719295848448 feature_extraction.cc:278]   Focal Length:    1536.00px
I20260526 21:49:45.388847 139719295848448 feature_extraction.cc:282]   Features:        3215 (SIFT)
I20260526 21:49:45.400974 139719295848448 feature_extraction.cc:260] Processed file [90/174]
I20260526 21:49:45.400985 139719295848448 feature_extraction.cc:263]   Name:            recon_000235.jpg
I20260526 21:49:45.400990 139719295848448 feature_extraction.cc:272]   Dimensions:      720 x 1280
I20260526 21:49:45.400995 139719295848448 feature_extraction.cc:275]   Camera:          #1 - OPENCV
I20260526 21:49:45.401000 139719295848448 feature_extraction.cc:278]   Focal Length:    1536.00px
I20260526 21:49:45.401006 139719295848448 feature_extraction.cc:282]   Features:        3458 (SIFT)
I20260526 21:49:45.414509 139719295848448 feature_extraction.cc:260] Processed file [91/174]
I20260526 21:49:45.414521 139719295848448 feature_extraction.cc:263]   Name:            recon_000245.jpg
I20260526 21:49:45.414526 139719295848448 feature_extraction.cc:272]   Dimensions:      720 x 1280
I20260526 21:49:45.414537 139719295848448 feature_extraction.cc:275]   Camera:          #1 - OPENCV
I20260526 21:49:45.414541 139719295848448 feature_extraction.cc:278]   Focal Length:    1536.00px
I20260526 21:49:45.414547 139719295848448 feature_extraction.cc:282]   Features:        4840 (SIFT)
I20260526 21:49:45.427791 139719295848448 feature_extraction.cc:260] Processed file [92/174]
I20260526 21:49:45.427803 139719295848448 feature_extraction.cc:263]   Name:            recon_000250.jpg
I20260526 21:49:45.427808 139719295848448 feature_extraction.cc:272]   Dimensions:      720 x 1280
I20260526 21:49:45.427812 139719295848448 feature_extraction.cc:275]   Camera:          #1 - OPENCV
I20260526 21:49:45.427817 139719295848448 feature_extraction.cc:278]   Focal Length:    1536.00px
I20260526 21:49:45.427823 139719295848448 feature_extraction.cc:282]   Features:        4516 (SIFT)
I20260526 21:49:45.440551 139719295848448 feature_extraction.cc:260] Processed file [93/174]
I20260526 21:49:45.440562 139719295848448 feature_extraction.cc:263]   Name:            recon_000260.jpg
I20260526 21:49:45.440567 139719295848448 feature_extraction.cc:272]   Dimensions:      720 x 1280
I20260526 21:49:45.440571 139719295848448 feature_extraction.cc:275]   Camera:          #1 - OPENCV
I20260526 21:49:45.440576 139719295848448 feature_extraction.cc:278]   Focal Length:    1536.00px
I20260526 21:49:45.440582 139719295848448 feature_extraction.cc:282]   Features:        4226 (SIFT)
I20260526 21:49:45.453224 139719295848448 feature_extraction.cc:260] Processed file [94/174]
I20260526 21:49:45.453240 139719295848448 feature_extraction.cc:263]   Name:            recon_000265.jpg
I20260526 21:49:45.453247 139719295848448 feature_extraction.cc:272]   Dimensions:      720 x 1280
I20260526 21:49:45.453254 139719295848448 feature_extraction.cc:275]   Camera:          #1 - OPENCV
I20260526 21:49:45.453261 139719295848448 feature_extraction.cc:278]   Focal Length:    1536.00px
I20260526 21:49:45.453269 139719295848448 feature_extraction.cc:282]   Features:        4652 (SIFT)
I20260526 21:49:45.466375 139719295848448 feature_extraction.cc:260] Processed file [95/174]
I20260526 21:49:45.466395 139719295848448 feature_extraction.cc:263]   Name:            recon_000275.jpg
I20260526 21:49:45.466403 139719295848448 feature_extraction.cc:272]   Dimensions:      720 x 1280
I20260526 21:49:45.466410 139719295848448 feature_extraction.cc:275]   Camera:          #1 - OPENCV
I20260526 21:49:45.466417 139719295848448 feature_extraction.cc:278]   Focal Length:    1536.00px
I20260526 21:49:45.466426 139719295848448 feature_extraction.cc:282]   Features:        5134 (SIFT)
I20260526 21:49:45.480043 139719295848448 feature_extraction.cc:260] Processed file [96/174]
I20260526 21:49:45.480063 139719295848448 feature_extraction.cc:263]   Name:            recon_000280.jpg
I20260526 21:49:45.480070 139719295848448 feature_extraction.cc:272]   Dimensions:      720 x 1280
I20260526 21:49:45.480077 139719295848448 feature_extraction.cc:275]   Camera:          #1 - OPENCV
I20260526 21:49:45.480084 139719295848448 feature_extraction.cc:278]   Focal Length:    1536.00px
I20260526 21:49:45.480092 139719295848448 feature_extraction.cc:282]   Features:        5220 (SIFT)
I20260526 21:49:45.494622 139719295848448 feature_extraction.cc:260] Processed file [97/174]
I20260526 21:49:45.494641 139719295848448 feature_extraction.cc:263]   Name:            recon_000290.jpg
I20260526 21:49:45.494648 139719295848448 feature_extraction.cc:272]   Dimensions:      720 x 1280
I20260526 21:49:45.494654 139719295848448 feature_extraction.cc:275]   Camera:          #1 - OPENCV
I20260526 21:49:45.494660 139719295848448 feature_extraction.cc:278]   Focal Length:    1536.00px
I20260526 21:49:45.494668 139719295848448 feature_extraction.cc:282]   Features:        5246 (SIFT)
I20260526 21:49:45.508804 139719295848448 feature_extraction.cc:260] Processed file [98/174]
I20260526 21:49:45.508828 139719295848448 feature_extraction.cc:263]   Name:            recon_000295.jpg
I20260526 21:49:45.508833 139719295848448 feature_extraction.cc:272]   Dimensions:      720 x 1280
I20260526 21:49:45.508843 139719295848448 feature_extraction.cc:275]   Camera:          #1 - OPENCV
I20260526 21:49:45.508847 139719295848448 feature_extraction.cc:278]   Focal Length:    1536.00px
I20260526 21:49:45.508853 139719295848448 feature_extraction.cc:282]   Features:        5149 (SIFT)
I20260526 21:49:45.522962 139719295848448 feature_extraction.cc:260] Processed file [99/174]
I20260526 21:49:45.522981 139719295848448 feature_extraction.cc:263]   Name:            recon_000305.jpg
I20260526 21:49:45.522985 139719295848448 feature_extraction.cc:272]   Dimensions:      720 x 1280
I20260526 21:49:45.522990 139719295848448 feature_extraction.cc:275]   Camera:          #1 - OPENCV
I20260526 21:49:45.522994 139719295848448 feature_extraction.cc:278]   Focal Length:    1536.00px
I20260526 21:49:45.523000 139719295848448 feature_extraction.cc:282]   Features:        5208 (SIFT)
I20260526 21:49:45.536636 139719295848448 feature_extraction.cc:260] Processed file [100/174]
I20260526 21:49:45.536650 139719295848448 feature_extraction.cc:263]   Name:            recon_000310.jpg
I20260526 21:49:45.536655 139719295848448 feature_extraction.cc:272]   Dimensions:      720 x 1280
I20260526 21:49:45.536660 139719295848448 feature_extraction.cc:275]   Camera:          #1 - OPENCV
I20260526 21:49:45.536664 139719295848448 feature_extraction.cc:278]   Focal Length:    1536.00px
I20260526 21:49:45.536670 139719295848448 feature_extraction.cc:282]   Features:        5719 (SIFT)
I20260526 21:49:45.550526 139719295848448 feature_extraction.cc:260] Processed file [101/174]
I20260526 21:49:45.550541 139719295848448 feature_extraction.cc:263]   Name:            recon_000320.jpg
I20260526 21:49:45.550546 139719295848448 feature_extraction.cc:272]   Dimensions:      720 x 1280
I20260526 21:49:45.550551 139719295848448 feature_extraction.cc:275]   Camera:          #1 - OPENCV
I20260526 21:49:45.550555 139719295848448 feature_extraction.cc:278]   Focal Length:    1536.00px
I20260526 21:49:45.550560 139719295848448 feature_extraction.cc:282]   Features:        6143 (SIFT)
I20260526 21:49:45.564852 139719295848448 feature_extraction.cc:260] Processed file [102/174]
I20260526 21:49:45.564869 139719295848448 feature_extraction.cc:263]   Name:            recon_000325.jpg
I20260526 21:49:45.564874 139719295848448 feature_extraction.cc:272]   Dimensions:      720 x 1280
I20260526 21:49:45.564879 139719295848448 feature_extraction.cc:275]   Camera:          #1 - OPENCV
I20260526 21:49:45.564883 139719295848448 feature_extraction.cc:278]   Focal Length:    1536.00px
I20260526 21:49:45.564889 139719295848448 feature_extraction.cc:282]   Features:        6024 (SIFT)
I20260526 21:49:45.578599 139719295848448 feature_extraction.cc:260] Processed file [103/174]
I20260526 21:49:45.578618 139719295848448 feature_extraction.cc:263]   Name:            recon_000335.jpg
I20260526 21:49:45.578623 139719295848448 feature_extraction.cc:272]   Dimensions:      720 x 1280
I20260526 21:49:45.578627 139719295848448 feature_extraction.cc:275]   Camera:          #1 - OPENCV
I20260526 21:49:45.578631 139719295848448 feature_extraction.cc:278]   Focal Length:    1536.00px
I20260526 21:49:45.578637 139719295848448 feature_extraction.cc:282]   Features:        5174 (SIFT)
I20260526 21:49:45.592865 139719295848448 feature_extraction.cc:260] Processed file [104/174]
I20260526 21:49:45.592879 139719295848448 feature_extraction.cc:263]   Name:            recon_000340.jpg
I20260526 21:49:45.592883 139719295848448 feature_extraction.cc:272]   Dimensions:      720 x 1280
I20260526 21:49:45.592887 139719295848448 feature_extraction.cc:275]   Camera:          #1 - OPENCV
I20260526 21:49:45.592891 139719295848448 feature_extraction.cc:278]   Focal Length:    1536.00px
I20260526 21:49:45.592895 139719295848448 feature_extraction.cc:282]   Features:        5185 (SIFT)
I20260526 21:49:45.606686 139719295848448 feature_extraction.cc:260] Processed file [105/174]
I20260526 21:49:45.606701 139719295848448 feature_extraction.cc:263]   Name:            recon_000350.jpg
I20260526 21:49:45.606712 139719295848448 feature_extraction.cc:272]   Dimensions:      720 x 1280
I20260526 21:49:45.606718 139719295848448 feature_extraction.cc:275]   Camera:          #1 - OPENCV
I20260526 21:49:45.606724 139719295848448 feature_extraction.cc:278]   Focal Length:    1536.00px
I20260526 21:49:45.606731 139719295848448 feature_extraction.cc:282]   Features:        5251 (SIFT)
I20260526 21:49:45.620171 139719295848448 feature_extraction.cc:260] Processed file [106/174]
I20260526 21:49:45.620185 139719295848448 feature_extraction.cc:263]   Name:            recon_000355.jpg
I20260526 21:49:45.620190 139719295848448 feature_extraction.cc:272]   Dimensions:      720 x 1280
I20260526 21:49:45.620199 139719295848448 feature_extraction.cc:275]   Camera:          #1 - OPENCV
I20260526 21:49:45.620205 139719295848448 feature_extraction.cc:278]   Focal Length:    1536.00px
I20260526 21:49:45.620210 139719295848448 feature_extraction.cc:282]   Features:        5544 (SIFT)
I20260526 21:49:45.633846 139719295848448 feature_extraction.cc:260] Processed file [107/174]
I20260526 21:49:45.633861 139719295848448 feature_extraction.cc:263]   Name:            recon_000365.jpg
I20260526 21:49:45.633866 139719295848448 feature_extraction.cc:272]   Dimensions:      720 x 1280
I20260526 21:49:45.633870 139719295848448 feature_extraction.cc:275]   Camera:          #1 - OPENCV
I20260526 21:49:45.633875 139719295848448 feature_extraction.cc:278]   Focal Length:    1536.00px
I20260526 21:49:45.633880 139719295848448 feature_extraction.cc:282]   Features:        5950 (SIFT)
I20260526 21:49:45.647728 139719295848448 feature_extraction.cc:260] Processed file [108/174]
I20260526 21:49:45.647743 139719295848448 feature_extraction.cc:263]   Name:            recon_000370.jpg
I20260526 21:49:45.647749 139719295848448 feature_extraction.cc:272]   Dimensions:      720 x 1280
I20260526 21:49:45.647755 139719295848448 feature_extraction.cc:275]   Camera:          #1 - OPENCV
I20260526 21:49:45.647760 139719295848448 feature_extraction.cc:278]   Focal Length:    1536.00px
I20260526 21:49:45.647767 139719295848448 feature_extraction.cc:282]   Features:        5062 (SIFT)
I20260526 21:49:45.662284 139719295848448 feature_extraction.cc:260] Processed file [109/174]
I20260526 21:49:45.662297 139719295848448 feature_extraction.cc:263]   Name:            recon_000380.jpg
I20260526 21:49:45.662302 139719295848448 feature_extraction.cc:272]   Dimensions:      720 x 1280
I20260526 21:49:45.662306 139719295848448 feature_extraction.cc:275]   Camera:          #1 - OPENCV
I20260526 21:49:45.662311 139719295848448 feature_extraction.cc:278]   Focal Length:    1536.00px
I20260526 21:49:45.662316 139719295848448 feature_extraction.cc:282]   Features:        5552 (SIFT)
I20260526 21:49:45.676358 139719295848448 feature_extraction.cc:260] Processed file [110/174]
I20260526 21:49:45.676376 139719295848448 feature_extraction.cc:263]   Name:            recon_000385.jpg
I20260526 21:49:45.676382 139719295848448 feature_extraction.cc:272]   Dimensions:      720 x 1280
I20260526 21:49:45.676389 139719295848448 feature_extraction.cc:275]   Camera:          #1 - OPENCV
I20260526 21:49:45.676394 139719295848448 feature_extraction.cc:278]   Focal Length:    1536.00px
I20260526 21:49:45.676400 139719295848448 feature_extraction.cc:282]   Features:        5749 (SIFT)
I20260526 21:49:45.691085 139719295848448 feature_extraction.cc:260] Processed file [111/174]
I20260526 21:49:45.691100 139719295848448 feature_extraction.cc:263]   Name:            recon_000395.jpg
I20260526 21:49:45.691105 139719295848448 feature_extraction.cc:272]   Dimensions:      720 x 1280
I20260526 21:49:45.691109 139719295848448 feature_extraction.cc:275]   Camera:          #1 - OPENCV
I20260526 21:49:45.691113 139719295848448 feature_extraction.cc:278]   Focal Length:    1536.00px
I20260526 21:49:45.691118 139719295848448 feature_extraction.cc:282]   Features:        6543 (SIFT)
I20260526 21:49:45.706016 139719295848448 feature_extraction.cc:260] Processed file [112/174]
I20260526 21:49:45.706036 139719295848448 feature_extraction.cc:263]   Name:            recon_000400.jpg
I20260526 21:49:45.706041 139719295848448 feature_extraction.cc:272]   Dimensions:      720 x 1280
I20260526 21:49:45.706045 139719295848448 feature_extraction.cc:275]   Camera:          #1 - OPENCV
I20260526 21:49:45.706049 139719295848448 feature_extraction.cc:278]   Focal Length:    1536.00px
I20260526 21:49:45.706055 139719295848448 feature_extraction.cc:282]   Features:        6491 (SIFT)
I20260526 21:49:45.720365 139719295848448 feature_extraction.cc:260] Processed file [113/174]
I20260526 21:49:45.720380 139719295848448 feature_extraction.cc:263]   Name:            recon_000410.jpg
I20260526 21:49:45.720386 139719295848448 feature_extraction.cc:272]   Dimensions:      720 x 1280
I20260526 21:49:45.720390 139719295848448 feature_extraction.cc:275]   Camera:          #1 - OPENCV
I20260526 21:49:45.720394 139719295848448 feature_extraction.cc:278]   Focal Length:    1536.00px
I20260526 21:49:45.720400 139719295848448 feature_extraction.cc:282]   Features:        6119 (SIFT)
I20260526 21:49:45.734548 139719295848448 feature_extraction.cc:260] Processed file [114/174]
I20260526 21:49:45.734562 139719295848448 feature_extraction.cc:263]   Name:            recon_000415.jpg
I20260526 21:49:45.734567 139719295848448 feature_extraction.cc:272]   Dimensions:      720 x 1280
I20260526 21:49:45.734571 139719295848448 feature_extraction.cc:275]   Camera:          #1 - OPENCV
I20260526 21:49:45.734575 139719295848448 feature_extraction.cc:278]   Focal Length:    1536.00px
I20260526 21:49:45.734581 139719295848448 feature_extraction.cc:282]   Features:        6441 (SIFT)
I20260526 21:49:45.749634 139719295848448 feature_extraction.cc:260] Processed file [115/174]
I20260526 21:49:45.749648 139719295848448 feature_extraction.cc:263]   Name:            recon_000425.jpg
I20260526 21:49:45.749654 139719295848448 feature_extraction.cc:272]   Dimensions:      720 x 1280
I20260526 21:49:45.749658 139719295848448 feature_extraction.cc:275]   Camera:          #1 - OPENCV
I20260526 21:49:45.749662 139719295848448 feature_extraction.cc:278]   Focal Length:    1536.00px
I20260526 21:49:45.749667 139719295848448 feature_extraction.cc:282]   Features:        6294 (SIFT)
I20260526 21:49:45.763942 139719295848448 feature_extraction.cc:260] Processed file [116/174]
I20260526 21:49:45.763960 139719295848448 feature_extraction.cc:263]   Name:            recon_000430.jpg
I20260526 21:49:45.763966 139719295848448 feature_extraction.cc:272]   Dimensions:      720 x 1280
I20260526 21:49:45.763971 139719295848448 feature_extraction.cc:275]   Camera:          #1 - OPENCV
I20260526 21:49:45.763976 139719295848448 feature_extraction.cc:278]   Focal Length:    1536.00px
I20260526 21:49:45.763982 139719295848448 feature_extraction.cc:282]   Features:        6022 (SIFT)
I20260526 21:49:45.777955 139719295848448 feature_extraction.cc:260] Processed file [117/174]
I20260526 21:49:45.777969 139719295848448 feature_extraction.cc:263]   Name:            recon_000440.jpg
I20260526 21:49:45.777974 139719295848448 feature_extraction.cc:272]   Dimensions:      720 x 1280
I20260526 21:49:45.777978 139719295848448 feature_extraction.cc:275]   Camera:          #1 - OPENCV
I20260526 21:49:45.777982 139719295848448 feature_extraction.cc:278]   Focal Length:    1536.00px
I20260526 21:49:45.777988 139719295848448 feature_extraction.cc:282]   Features:        6377 (SIFT)
I20260526 21:49:45.791614 139719295848448 feature_extraction.cc:260] Processed file [118/174]
I20260526 21:49:45.791632 139719295848448 feature_extraction.cc:263]   Name:            recon_000445.jpg
I20260526 21:49:45.791638 139719295848448 feature_extraction.cc:272]   Dimensions:      720 x 1280
I20260526 21:49:45.791643 139719295848448 feature_extraction.cc:275]   Camera:          #1 - OPENCV
I20260526 21:49:45.791648 139719295848448 feature_extraction.cc:278]   Focal Length:    1536.00px
I20260526 21:49:45.791654 139719295848448 feature_extraction.cc:282]   Features:        6429 (SIFT)
I20260526 21:49:45.804515 139719295848448 feature_extraction.cc:260] Processed file [119/174]
I20260526 21:49:45.804529 139719295848448 feature_extraction.cc:263]   Name:            recon_000455.jpg
I20260526 21:49:45.804535 139719295848448 feature_extraction.cc:272]   Dimensions:      720 x 1280
I20260526 21:49:45.804540 139719295848448 feature_extraction.cc:275]   Camera:          #1 - OPENCV
I20260526 21:49:45.804545 139719295848448 feature_extraction.cc:278]   Focal Length:    1536.00px
I20260526 21:49:45.804552 139719295848448 feature_extraction.cc:282]   Features:        5780 (SIFT)
I20260526 21:49:45.817164 139719295848448 feature_extraction.cc:260] Processed file [120/174]
I20260526 21:49:45.817179 139719295848448 feature_extraction.cc:263]   Name:            recon_000460.jpg
I20260526 21:49:45.817184 139719295848448 feature_extraction.cc:272]   Dimensions:      720 x 1280
I20260526 21:49:45.817189 139719295848448 feature_extraction.cc:275]   Camera:          #1 - OPENCV
I20260526 21:49:45.817197 139719295848448 feature_extraction.cc:278]   Focal Length:    1536.00px
I20260526 21:49:45.817204 139719295848448 feature_extraction.cc:282]   Features:        4643 (SIFT)
I20260526 21:49:45.830805 139719295848448 feature_extraction.cc:260] Processed file [121/174]
I20260526 21:49:45.830823 139719295848448 feature_extraction.cc:263]   Name:            recon_000470.jpg
I20260526 21:49:45.830830 139719295848448 feature_extraction.cc:272]   Dimensions:      720 x 1280
I20260526 21:49:45.830836 139719295848448 feature_extraction.cc:275]   Camera:          #1 - OPENCV
I20260526 21:49:45.830842 139719295848448 feature_extraction.cc:278]   Focal Length:    1536.00px
I20260526 21:49:45.830851 139719295848448 feature_extraction.cc:282]   Features:        5741 (SIFT)
I20260526 21:49:45.844104 139719295848448 feature_extraction.cc:260] Processed file [122/174]
I20260526 21:49:45.844119 139719295848448 feature_extraction.cc:263]   Name:            recon_000475.jpg
I20260526 21:49:45.844125 139719295848448 feature_extraction.cc:272]   Dimensions:      720 x 1280
I20260526 21:49:45.844131 139719295848448 feature_extraction.cc:275]   Camera:          #1 - OPENCV
I20260526 21:49:45.844137 139719295848448 feature_extraction.cc:278]   Focal Length:    1536.00px
I20260526 21:49:45.844144 139719295848448 feature_extraction.cc:282]   Features:        5353 (SIFT)
I20260526 21:49:45.858373 139719295848448 feature_extraction.cc:260] Processed file [123/174]
I20260526 21:49:45.858390 139719295848448 feature_extraction.cc:263]   Name:            recon_000485.jpg
I20260526 21:49:45.858397 139719295848448 feature_extraction.cc:272]   Dimensions:      720 x 1280
I20260526 21:49:45.858403 139719295848448 feature_extraction.cc:275]   Camera:          #1 - OPENCV
I20260526 21:49:45.858409 139719295848448 feature_extraction.cc:278]   Focal Length:    1536.00px
I20260526 21:49:45.858416 139719295848448 feature_extraction.cc:282]   Features:        6166 (SIFT)
I20260526 21:49:45.872881 139719295848448 feature_extraction.cc:260] Processed file [124/174]
I20260526 21:49:45.872896 139719295848448 feature_extraction.cc:263]   Name:            recon_000490.jpg
I20260526 21:49:45.872901 139719295848448 feature_extraction.cc:272]   Dimensions:      720 x 1280
I20260526 21:49:45.872906 139719295848448 feature_extraction.cc:275]   Camera:          #1 - OPENCV
I20260526 21:49:45.872910 139719295848448 feature_extraction.cc:278]   Focal Length:    1536.00px
I20260526 21:49:45.872916 139719295848448 feature_extraction.cc:282]   Features:        6150 (SIFT)
I20260526 21:49:45.887221 139719295848448 feature_extraction.cc:260] Processed file [125/174]
I20260526 21:49:45.887238 139719295848448 feature_extraction.cc:263]   Name:            recon_000500.jpg
I20260526 21:49:45.887244 139719295848448 feature_extraction.cc:272]   Dimensions:      720 x 1280
I20260526 21:49:45.887248 139719295848448 feature_extraction.cc:275]   Camera:          #1 - OPENCV
I20260526 21:49:45.887252 139719295848448 feature_extraction.cc:278]   Focal Length:    1536.00px
I20260526 21:49:45.887258 139719295848448 feature_extraction.cc:282]   Features:        6266 (SIFT)
I20260526 21:49:45.901061 139719295848448 feature_extraction.cc:260] Processed file [126/174]
I20260526 21:49:45.901077 139719295848448 feature_extraction.cc:263]   Name:            recon_000505.jpg
I20260526 21:49:45.901082 139719295848448 feature_extraction.cc:272]   Dimensions:      720 x 1280
I20260526 21:49:45.901087 139719295848448 feature_extraction.cc:275]   Camera:          #1 - OPENCV
I20260526 21:49:45.901091 139719295848448 feature_extraction.cc:278]   Focal Length:    1536.00px
I20260526 21:49:45.901096 139719295848448 feature_extraction.cc:282]   Features:        5328 (SIFT)
I20260526 21:49:45.914523 139719295848448 feature_extraction.cc:260] Processed file [127/174]
I20260526 21:49:45.914538 139719295848448 feature_extraction.cc:263]   Name:            recon_000515.jpg
I20260526 21:49:45.914543 139719295848448 feature_extraction.cc:272]   Dimensions:      720 x 1280
I20260526 21:49:45.914548 139719295848448 feature_extraction.cc:275]   Camera:          #1 - OPENCV
I20260526 21:49:45.914552 139719295848448 feature_extraction.cc:278]   Focal Length:    1536.00px
I20260526 21:49:45.914557 139719295848448 feature_extraction.cc:282]   Features:        4645 (SIFT)
I20260526 21:49:45.928162 139719295848448 feature_extraction.cc:260] Processed file [128/174]
I20260526 21:49:45.928180 139719295848448 feature_extraction.cc:263]   Name:            recon_000520.jpg
I20260526 21:49:45.928185 139719295848448 feature_extraction.cc:272]   Dimensions:      720 x 1280
I20260526 21:49:45.928189 139719295848448 feature_extraction.cc:275]   Camera:          #1 - OPENCV
I20260526 21:49:45.928198 139719295848448 feature_extraction.cc:278]   Focal Length:    1536.00px
I20260526 21:49:45.928205 139719295848448 feature_extraction.cc:282]   Features:        4789 (SIFT)
I20260526 21:49:45.942553 139719295848448 feature_extraction.cc:260] Processed file [129/174]
I20260526 21:49:45.942567 139719295848448 feature_extraction.cc:263]   Name:            recon_000530.jpg
I20260526 21:49:45.942572 139719295848448 feature_extraction.cc:272]   Dimensions:      720 x 1280
I20260526 21:49:45.942576 139719295848448 feature_extraction.cc:275]   Camera:          #1 - OPENCV
I20260526 21:49:45.942580 139719295848448 feature_extraction.cc:278]   Focal Length:    1536.00px
I20260526 21:49:45.942586 139719295848448 feature_extraction.cc:282]   Features:        5703 (SIFT)
I20260526 21:49:45.956889 139719295848448 feature_extraction.cc:260] Processed file [130/174]
I20260526 21:49:45.956904 139719295848448 feature_extraction.cc:263]   Name:            recon_000535.jpg
I20260526 21:49:45.956910 139719295848448 feature_extraction.cc:272]   Dimensions:      720 x 1280
I20260526 21:49:45.956916 139719295848448 feature_extraction.cc:275]   Camera:          #1 - OPENCV
I20260526 21:49:45.956922 139719295848448 feature_extraction.cc:278]   Focal Length:    1536.00px
I20260526 21:49:45.956929 139719295848448 feature_extraction.cc:282]   Features:        5798 (SIFT)
I20260526 21:49:45.970690 139719295848448 feature_extraction.cc:260] Processed file [131/174]
I20260526 21:49:45.970705 139719295848448 feature_extraction.cc:263]   Name:            recon_000545.jpg
I20260526 21:49:45.970713 139719295848448 feature_extraction.cc:272]   Dimensions:      720 x 1280
I20260526 21:49:45.970719 139719295848448 feature_extraction.cc:275]   Camera:          #1 - OPENCV
I20260526 21:49:45.970725 139719295848448 feature_extraction.cc:278]   Focal Length:    1536.00px
I20260526 21:49:45.970733 139719295848448 feature_extraction.cc:282]   Features:        6245 (SIFT)
I20260526 21:49:45.983833 139719295848448 feature_extraction.cc:260] Processed file [132/174]
I20260526 21:49:45.983846 139719295848448 feature_extraction.cc:263]   Name:            recon_000550.jpg
I20260526 21:49:45.983853 139719295848448 feature_extraction.cc:272]   Dimensions:      720 x 1280
I20260526 21:49:45.983858 139719295848448 feature_extraction.cc:275]   Camera:          #1 - OPENCV
I20260526 21:49:45.983865 139719295848448 feature_extraction.cc:278]   Focal Length:    1536.00px
I20260526 21:49:45.983877 139719295848448 feature_extraction.cc:282]   Features:        5695 (SIFT)
I20260526 21:49:45.997597 139719295848448 feature_extraction.cc:260] Processed file [133/174]
I20260526 21:49:45.997614 139719295848448 feature_extraction.cc:263]   Name:            recon_000560.jpg
I20260526 21:49:45.997619 139719295848448 feature_extraction.cc:272]   Dimensions:      720 x 1280
I20260526 21:49:45.997623 139719295848448 feature_extraction.cc:275]   Camera:          #1 - OPENCV
I20260526 21:49:45.997628 139719295848448 feature_extraction.cc:278]   Focal Length:    1536.00px
I20260526 21:49:45.997633 139719295848448 feature_extraction.cc:282]   Features:        5864 (SIFT)
I20260526 21:49:46.011111 139719295848448 feature_extraction.cc:260] Processed file [134/174]
I20260526 21:49:46.011122 139719295848448 feature_extraction.cc:263]   Name:            recon_000565.jpg
I20260526 21:49:46.011127 139719295848448 feature_extraction.cc:272]   Dimensions:      720 x 1280
I20260526 21:49:46.011131 139719295848448 feature_extraction.cc:275]   Camera:          #1 - OPENCV
I20260526 21:49:46.011135 139719295848448 feature_extraction.cc:278]   Focal Length:    1536.00px
I20260526 21:49:46.011140 139719295848448 feature_extraction.cc:282]   Features:        5671 (SIFT)
I20260526 21:49:46.024820 139719295848448 feature_extraction.cc:260] Processed file [135/174]
I20260526 21:49:46.024835 139719295848448 feature_extraction.cc:263]   Name:            recon_000575.jpg
I20260526 21:49:46.024840 139719295848448 feature_extraction.cc:272]   Dimensions:      720 x 1280
I20260526 21:49:46.024844 139719295848448 feature_extraction.cc:275]   Camera:          #1 - OPENCV
I20260526 21:49:46.024848 139719295848448 feature_extraction.cc:278]   Focal Length:    1536.00px
I20260526 21:49:46.024854 139719295848448 feature_extraction.cc:282]   Features:        5781 (SIFT)
I20260526 21:49:46.038259 139719295848448 feature_extraction.cc:260] Processed file [136/174]
I20260526 21:49:46.038275 139719295848448 feature_extraction.cc:263]   Name:            recon_000580.jpg
I20260526 21:49:46.038279 139719295848448 feature_extraction.cc:272]   Dimensions:      720 x 1280
I20260526 21:49:46.038284 139719295848448 feature_extraction.cc:275]   Camera:          #1 - OPENCV
I20260526 21:49:46.038288 139719295848448 feature_extraction.cc:278]   Focal Length:    1536.00px
I20260526 21:49:46.038294 139719295848448 feature_extraction.cc:282]   Features:        5831 (SIFT)
I20260526 21:49:46.052254 139719295848448 feature_extraction.cc:260] Processed file [137/174]
I20260526 21:49:46.052272 139719295848448 feature_extraction.cc:263]   Name:            recon_000590.jpg
I20260526 21:49:46.052279 139719295848448 feature_extraction.cc:272]   Dimensions:      720 x 1280
I20260526 21:49:46.052285 139719295848448 feature_extraction.cc:275]   Camera:          #1 - OPENCV
I20260526 21:49:46.052291 139719295848448 feature_extraction.cc:278]   Focal Length:    1536.00px
I20260526 21:49:46.052298 139719295848448 feature_extraction.cc:282]   Features:        5746 (SIFT)
I20260526 21:49:46.066393 139719295848448 feature_extraction.cc:260] Processed file [138/174]
I20260526 21:49:46.066412 139719295848448 feature_extraction.cc:263]   Name:            recon_000595.jpg
I20260526 21:49:46.066418 139719295848448 feature_extraction.cc:272]   Dimensions:      720 x 1280
I20260526 21:49:46.066424 139719295848448 feature_extraction.cc:275]   Camera:          #1 - OPENCV
I20260526 21:49:46.066430 139719295848448 feature_extraction.cc:278]   Focal Length:    1536.00px
I20260526 21:49:46.066439 139719295848448 feature_extraction.cc:282]   Features:        6147 (SIFT)
I20260526 21:49:46.080856 139719295848448 feature_extraction.cc:260] Processed file [139/174]
I20260526 21:49:46.080869 139719295848448 feature_extraction.cc:263]   Name:            recon_000605.jpg
I20260526 21:49:46.080875 139719295848448 feature_extraction.cc:272]   Dimensions:      720 x 1280
I20260526 21:49:46.080879 139719295848448 feature_extraction.cc:275]   Camera:          #1 - OPENCV
I20260526 21:49:46.080887 139719295848448 feature_extraction.cc:278]   Focal Length:    1536.00px
I20260526 21:49:46.080893 139719295848448 feature_extraction.cc:282]   Features:        6230 (SIFT)
I20260526 21:49:46.095221 139719295848448 feature_extraction.cc:260] Processed file [140/174]
I20260526 21:49:46.095239 139719295848448 feature_extraction.cc:263]   Name:            recon_000610.jpg
I20260526 21:49:46.095245 139719295848448 feature_extraction.cc:272]   Dimensions:      720 x 1280
I20260526 21:49:46.095251 139719295848448 feature_extraction.cc:275]   Camera:          #1 - OPENCV
I20260526 21:49:46.095257 139719295848448 feature_extraction.cc:278]   Focal Length:    1536.00px
I20260526 21:49:46.095264 139719295848448 feature_extraction.cc:282]   Features:        6287 (SIFT)
I20260526 21:49:46.110665 139719295848448 feature_extraction.cc:260] Processed file [141/174]
I20260526 21:49:46.110681 139719295848448 feature_extraction.cc:263]   Name:            recon_000620.jpg
I20260526 21:49:46.110686 139719295848448 feature_extraction.cc:272]   Dimensions:      720 x 1280
I20260526 21:49:46.110690 139719295848448 feature_extraction.cc:275]   Camera:          #1 - OPENCV
I20260526 21:49:46.110695 139719295848448 feature_extraction.cc:278]   Focal Length:    1536.00px
I20260526 21:49:46.110700 139719295848448 feature_extraction.cc:282]   Features:        6191 (SIFT)
I20260526 21:49:46.124796 139719295848448 feature_extraction.cc:260] Processed file [142/174]
I20260526 21:49:46.124811 139719295848448 feature_extraction.cc:263]   Name:            recon_000625.jpg
I20260526 21:49:46.124816 139719295848448 feature_extraction.cc:272]   Dimensions:      720 x 1280
I20260526 21:49:46.124821 139719295848448 feature_extraction.cc:275]   Camera:          #1 - OPENCV
I20260526 21:49:46.124825 139719295848448 feature_extraction.cc:278]   Focal Length:    1536.00px
I20260526 21:49:46.124830 139719295848448 feature_extraction.cc:282]   Features:        6225 (SIFT)
I20260526 21:49:46.139507 139719295848448 feature_extraction.cc:260] Processed file [143/174]
I20260526 21:49:46.139527 139719295848448 feature_extraction.cc:263]   Name:            recon_000635.jpg
I20260526 21:49:46.139535 139719295848448 feature_extraction.cc:272]   Dimensions:      720 x 1280
I20260526 21:49:46.139542 139719295848448 feature_extraction.cc:275]   Camera:          #1 - OPENCV
I20260526 21:49:46.139548 139719295848448 feature_extraction.cc:278]   Focal Length:    1536.00px
I20260526 21:49:46.139557 139719295848448 feature_extraction.cc:282]   Features:        6631 (SIFT)
I20260526 21:49:46.153336 139719295848448 feature_extraction.cc:260] Processed file [144/174]
I20260526 21:49:46.153350 139719295848448 feature_extraction.cc:263]   Name:            recon_000640.jpg
I20260526 21:49:46.153354 139719295848448 feature_extraction.cc:272]   Dimensions:      720 x 1280
I20260526 21:49:46.153359 139719295848448 feature_extraction.cc:275]   Camera:          #1 - OPENCV
I20260526 21:49:46.153363 139719295848448 feature_extraction.cc:278]   Focal Length:    1536.00px
I20260526 21:49:46.153369 139719295848448 feature_extraction.cc:282]   Features:        6477 (SIFT)
I20260526 21:49:46.167141 139719295848448 feature_extraction.cc:260] Processed file [145/174]
I20260526 21:49:46.167155 139719295848448 feature_extraction.cc:263]   Name:            recon_000650.jpg
I20260526 21:49:46.167159 139719295848448 feature_extraction.cc:272]   Dimensions:      720 x 1280
I20260526 21:49:46.167163 139719295848448 feature_extraction.cc:275]   Camera:          #1 - OPENCV
I20260526 21:49:46.167166 139719295848448 feature_extraction.cc:278]   Focal Length:    1536.00px
I20260526 21:49:46.167171 139719295848448 feature_extraction.cc:282]   Features:        6513 (SIFT)
I20260526 21:49:46.180941 139719295848448 feature_extraction.cc:260] Processed file [146/174]
I20260526 21:49:46.180954 139719295848448 feature_extraction.cc:263]   Name:            recon_000655.jpg
I20260526 21:49:46.180958 139719295848448 feature_extraction.cc:272]   Dimensions:      720 x 1280
I20260526 21:49:46.180966 139719295848448 feature_extraction.cc:275]   Camera:          #1 - OPENCV
I20260526 21:49:46.180969 139719295848448 feature_extraction.cc:278]   Focal Length:    1536.00px
I20260526 21:49:46.180974 139719295848448 feature_extraction.cc:282]   Features:        6250 (SIFT)
I20260526 21:49:46.194844 139719295848448 feature_extraction.cc:260] Processed file [147/174]
I20260526 21:49:46.194860 139719295848448 feature_extraction.cc:263]   Name:            recon_000665.jpg
I20260526 21:49:46.194866 139719295848448 feature_extraction.cc:272]   Dimensions:      720 x 1280
I20260526 21:49:46.194872 139719295848448 feature_extraction.cc:275]   Camera:          #1 - OPENCV
I20260526 21:49:46.194877 139719295848448 feature_extraction.cc:278]   Focal Length:    1536.00px
I20260526 21:49:46.194884 139719295848448 feature_extraction.cc:282]   Features:        6187 (SIFT)
I20260526 21:49:46.208769 139719295848448 feature_extraction.cc:260] Processed file [148/174]
I20260526 21:49:46.208784 139719295848448 feature_extraction.cc:263]   Name:            recon_000670.jpg
I20260526 21:49:46.208789 139719295848448 feature_extraction.cc:272]   Dimensions:      720 x 1280
I20260526 21:49:46.208793 139719295848448 feature_extraction.cc:275]   Camera:          #1 - OPENCV
I20260526 21:49:46.208797 139719295848448 feature_extraction.cc:278]   Focal Length:    1536.00px
I20260526 21:49:46.208802 139719295848448 feature_extraction.cc:282]   Features:        5893 (SIFT)
I20260526 21:49:46.222252 139719295848448 feature_extraction.cc:260] Processed file [149/174]
I20260526 21:49:46.222266 139719295848448 feature_extraction.cc:263]   Name:            recon_000680.jpg
I20260526 21:49:46.222271 139719295848448 feature_extraction.cc:272]   Dimensions:      720 x 1280
I20260526 21:49:46.222275 139719295848448 feature_extraction.cc:275]   Camera:          #1 - OPENCV
I20260526 21:49:46.222280 139719295848448 feature_extraction.cc:278]   Focal Length:    1536.00px
I20260526 21:49:46.222285 139719295848448 feature_extraction.cc:282]   Features:        5311 (SIFT)
I20260526 21:49:46.235331 139719295848448 feature_extraction.cc:260] Processed file [150/174]
I20260526 21:49:46.235344 139719295848448 feature_extraction.cc:263]   Name:            recon_000685.jpg
I20260526 21:49:46.235350 139719295848448 feature_extraction.cc:272]   Dimensions:      720 x 1280
I20260526 21:49:46.235354 139719295848448 feature_extraction.cc:275]   Camera:          #1 - OPENCV
I20260526 21:49:46.235358 139719295848448 feature_extraction.cc:278]   Focal Length:    1536.00px
I20260526 21:49:46.235363 139719295848448 feature_extraction.cc:282]   Features:        5674 (SIFT)
I20260526 21:49:46.248828 139719295848448 feature_extraction.cc:260] Processed file [151/174]
I20260526 21:49:46.248843 139719295848448 feature_extraction.cc:263]   Name:            recon_000695.jpg
I20260526 21:49:46.248847 139719295848448 feature_extraction.cc:272]   Dimensions:      720 x 1280
I20260526 21:49:46.248851 139719295848448 feature_extraction.cc:275]   Camera:          #1 - OPENCV
I20260526 21:49:46.248856 139719295848448 feature_extraction.cc:278]   Focal Length:    1536.00px
I20260526 21:49:46.248862 139719295848448 feature_extraction.cc:282]   Features:        5894 (SIFT)
I20260526 21:49:46.262320 139719295848448 feature_extraction.cc:260] Processed file [152/174]
I20260526 21:49:46.262336 139719295848448 feature_extraction.cc:263]   Name:            recon_000700.jpg
I20260526 21:49:46.262342 139719295848448 feature_extraction.cc:272]   Dimensions:      720 x 1280
I20260526 21:49:46.262346 139719295848448 feature_extraction.cc:275]   Camera:          #1 - OPENCV
I20260526 21:49:46.262350 139719295848448 feature_extraction.cc:278]   Focal Length:    1536.00px
I20260526 21:49:46.262356 139719295848448 feature_extraction.cc:282]   Features:        5091 (SIFT)
I20260526 21:49:46.276718 139719295848448 feature_extraction.cc:260] Processed file [153/174]
I20260526 21:49:46.276736 139719295848448 feature_extraction.cc:263]   Name:            recon_000710.jpg
I20260526 21:49:46.276747 139719295848448 feature_extraction.cc:272]   Dimensions:      720 x 1280
I20260526 21:49:46.276752 139719295848448 feature_extraction.cc:275]   Camera:          #1 - OPENCV
I20260526 21:49:46.276757 139719295848448 feature_extraction.cc:278]   Focal Length:    1536.00px
I20260526 21:49:46.276764 139719295848448 feature_extraction.cc:282]   Features:        4857 (SIFT)
I20260526 21:49:46.289182 139719295848448 feature_extraction.cc:260] Processed file [154/174]
I20260526 21:49:46.289198 139719295848448 feature_extraction.cc:263]   Name:            recon_000715.jpg
I20260526 21:49:46.289205 139719295848448 feature_extraction.cc:272]   Dimensions:      720 x 1280
I20260526 21:49:46.289210 139719295848448 feature_extraction.cc:275]   Camera:          #1 - OPENCV
I20260526 21:49:46.289214 139719295848448 feature_extraction.cc:278]   Focal Length:    1536.00px
I20260526 21:49:46.289221 139719295848448 feature_extraction.cc:282]   Features:        4534 (SIFT)
I20260526 21:49:46.301958 139719295848448 feature_extraction.cc:260] Processed file [155/174]
I20260526 21:49:46.301976 139719295848448 feature_extraction.cc:263]   Name:            recon_000725.jpg
I20260526 21:49:46.301982 139719295848448 feature_extraction.cc:272]   Dimensions:      720 x 1280
I20260526 21:49:46.301987 139719295848448 feature_extraction.cc:275]   Camera:          #1 - OPENCV
I20260526 21:49:46.301991 139719295848448 feature_extraction.cc:278]   Focal Length:    1536.00px
I20260526 21:49:46.301998 139719295848448 feature_extraction.cc:282]   Features:        4878 (SIFT)
I20260526 21:49:46.314555 139719295848448 feature_extraction.cc:260] Processed file [156/174]
I20260526 21:49:46.314572 139719295848448 feature_extraction.cc:263]   Name:            recon_000730.jpg
I20260526 21:49:46.314578 139719295848448 feature_extraction.cc:272]   Dimensions:      720 x 1280
I20260526 21:49:46.314584 139719295848448 feature_extraction.cc:275]   Camera:          #1 - OPENCV
I20260526 21:49:46.314589 139719295848448 feature_extraction.cc:278]   Focal Length:    1536.00px
I20260526 21:49:46.314595 139719295848448 feature_extraction.cc:282]   Features:        4926 (SIFT)
I20260526 21:49:46.327422 139719295848448 feature_extraction.cc:260] Processed file [157/174]
I20260526 21:49:46.327436 139719295848448 feature_extraction.cc:263]   Name:            recon_000740.jpg
I20260526 21:49:46.327441 139719295848448 feature_extraction.cc:272]   Dimensions:      720 x 1280
I20260526 21:49:46.327445 139719295848448 feature_extraction.cc:275]   Camera:          #1 - OPENCV
I20260526 21:49:46.327449 139719295848448 feature_extraction.cc:278]   Focal Length:    1536.00px
I20260526 21:49:46.327454 139719295848448 feature_extraction.cc:282]   Features:        4711 (SIFT)
I20260526 21:49:46.341109 139719295848448 feature_extraction.cc:260] Processed file [158/174]
I20260526 21:49:46.341121 139719295848448 feature_extraction.cc:263]   Name:            recon_000745.jpg
I20260526 21:49:46.341126 139719295848448 feature_extraction.cc:272]   Dimensions:      720 x 1280
I20260526 21:49:46.341129 139719295848448 feature_extraction.cc:275]   Camera:          #1 - OPENCV
I20260526 21:49:46.341132 139719295848448 feature_extraction.cc:278]   Focal Length:    1536.00px
I20260526 21:49:46.341137 139719295848448 feature_extraction.cc:282]   Features:        4727 (SIFT)
I20260526 21:49:46.354239 139719295848448 feature_extraction.cc:260] Processed file [159/174]
I20260526 21:49:46.354257 139719295848448 feature_extraction.cc:263]   Name:            recon_000755.jpg
I20260526 21:49:46.354263 139719295848448 feature_extraction.cc:272]   Dimensions:      720 x 1280
I20260526 21:49:46.354269 139719295848448 feature_extraction.cc:275]   Camera:          #1 - OPENCV
I20260526 21:49:46.354274 139719295848448 feature_extraction.cc:278]   Focal Length:    1536.00px
I20260526 21:49:46.354281 139719295848448 feature_extraction.cc:282]   Features:        4969 (SIFT)
I20260526 21:49:46.366472 139719295848448 feature_extraction.cc:260] Processed file [160/174]
I20260526 21:49:46.366489 139719295848448 feature_extraction.cc:263]   Name:            recon_000760.jpg
I20260526 21:49:46.366500 139719295848448 feature_extraction.cc:272]   Dimensions:      720 x 1280
I20260526 21:49:46.366507 139719295848448 feature_extraction.cc:275]   Camera:          #1 - OPENCV
I20260526 21:49:46.366513 139719295848448 feature_extraction.cc:278]   Focal Length:    1536.00px
I20260526 21:49:46.366522 139719295848448 feature_extraction.cc:282]   Features:        4438 (SIFT)
I20260526 21:49:46.379456 139719295848448 feature_extraction.cc:260] Processed file [161/174]
I20260526 21:49:46.379470 139719295848448 feature_extraction.cc:263]   Name:            recon_000770.jpg
I20260526 21:49:46.379476 139719295848448 feature_extraction.cc:272]   Dimensions:      720 x 1280
I20260526 21:49:46.379481 139719295848448 feature_extraction.cc:275]   Camera:          #1 - OPENCV
I20260526 21:49:46.379486 139719295848448 feature_extraction.cc:278]   Focal Length:    1536.00px
I20260526 21:49:46.379493 139719295848448 feature_extraction.cc:282]   Features:        4249 (SIFT)
I20260526 21:49:46.392497 139719295848448 feature_extraction.cc:260] Processed file [162/174]
I20260526 21:49:46.392513 139719295848448 feature_extraction.cc:263]   Name:            recon_000775.jpg
I20260526 21:49:46.392520 139719295848448 feature_extraction.cc:272]   Dimensions:      720 x 1280
I20260526 21:49:46.392524 139719295848448 feature_extraction.cc:275]   Camera:          #1 - OPENCV
I20260526 21:49:46.392528 139719295848448 feature_extraction.cc:278]   Focal Length:    1536.00px
I20260526 21:49:46.392534 139719295848448 feature_extraction.cc:282]   Features:        4312 (SIFT)
I20260526 21:49:46.406260 139719295848448 feature_extraction.cc:260] Processed file [163/174]
I20260526 21:49:46.406278 139719295848448 feature_extraction.cc:263]   Name:            recon_000785.jpg
I20260526 21:49:46.406284 139719295848448 feature_extraction.cc:272]   Dimensions:      720 x 1280
I20260526 21:49:46.406289 139719295848448 feature_extraction.cc:275]   Camera:          #1 - OPENCV
I20260526 21:49:46.406294 139719295848448 feature_extraction.cc:278]   Focal Length:    1536.00px
I20260526 21:49:46.406300 139719295848448 feature_extraction.cc:282]   Features:        4345 (SIFT)
I20260526 21:49:46.419530 139719295848448 feature_extraction.cc:260] Processed file [164/174]
I20260526 21:49:46.419544 139719295848448 feature_extraction.cc:263]   Name:            recon_000790.jpg
I20260526 21:49:46.419549 139719295848448 feature_extraction.cc:272]   Dimensions:      720 x 1280
I20260526 21:49:46.419553 139719295848448 feature_extraction.cc:275]   Camera:          #1 - OPENCV
I20260526 21:49:46.419558 139719295848448 feature_extraction.cc:278]   Focal Length:    1536.00px
I20260526 21:49:46.419564 139719295848448 feature_extraction.cc:282]   Features:        4703 (SIFT)
I20260526 21:49:46.432642 139719295848448 feature_extraction.cc:260] Processed file [165/174]
I20260526 21:49:46.432654 139719295848448 feature_extraction.cc:263]   Name:            recon_000800.jpg
I20260526 21:49:46.432658 139719295848448 feature_extraction.cc:272]   Dimensions:      720 x 1280
I20260526 21:49:46.432662 139719295848448 feature_extraction.cc:275]   Camera:          #1 - OPENCV
I20260526 21:49:46.432665 139719295848448 feature_extraction.cc:278]   Focal Length:    1536.00px
I20260526 21:49:46.432670 139719295848448 feature_extraction.cc:282]   Features:        4710 (SIFT)
I20260526 21:49:46.446575 139719295848448 feature_extraction.cc:260] Processed file [166/174]
I20260526 21:49:46.446588 139719295848448 feature_extraction.cc:263]   Name:            recon_000805.jpg
I20260526 21:49:46.446592 139719295848448 feature_extraction.cc:272]   Dimensions:      720 x 1280
I20260526 21:49:46.446595 139719295848448 feature_extraction.cc:275]   Camera:          #1 - OPENCV
I20260526 21:49:46.446599 139719295848448 feature_extraction.cc:278]   Focal Length:    1536.00px
I20260526 21:49:46.446603 139719295848448 feature_extraction.cc:282]   Features:        5090 (SIFT)
I20260526 21:49:46.460965 139719295848448 feature_extraction.cc:260] Processed file [167/174]
I20260526 21:49:46.460989 139719295848448 feature_extraction.cc:263]   Name:            recon_000815.jpg
I20260526 21:49:46.460995 139719295848448 feature_extraction.cc:272]   Dimensions:      720 x 1280
I20260526 21:49:46.461000 139719295848448 feature_extraction.cc:275]   Camera:          #1 - OPENCV
I20260526 21:49:46.461005 139719295848448 feature_extraction.cc:278]   Focal Length:    1536.00px
I20260526 21:49:46.461011 139719295848448 feature_extraction.cc:282]   Features:        4815 (SIFT)
I20260526 21:49:46.474956 139719295848448 feature_extraction.cc:260] Processed file [168/174]
I20260526 21:49:46.474971 139719295848448 feature_extraction.cc:263]   Name:            recon_000820.jpg
I20260526 21:49:46.474976 139719295848448 feature_extraction.cc:272]   Dimensions:      720 x 1280
I20260526 21:49:46.474980 139719295848448 feature_extraction.cc:275]   Camera:          #1 - OPENCV
I20260526 21:49:46.474984 139719295848448 feature_extraction.cc:278]   Focal Length:    1536.00px
I20260526 21:49:46.474990 139719295848448 feature_extraction.cc:282]   Features:        4267 (SIFT)
I20260526 21:49:46.487438 139719295848448 feature_extraction.cc:260] Processed file [169/174]
I20260526 21:49:46.487453 139719295848448 feature_extraction.cc:263]   Name:            recon_000830.jpg
I20260526 21:49:46.487458 139719295848448 feature_extraction.cc:272]   Dimensions:      720 x 1280
I20260526 21:49:46.487462 139719295848448 feature_extraction.cc:275]   Camera:          #1 - OPENCV
I20260526 21:49:46.487467 139719295848448 feature_extraction.cc:278]   Focal Length:    1536.00px
I20260526 21:49:46.487472 139719295848448 feature_extraction.cc:282]   Features:        4189 (SIFT)
I20260526 21:49:46.499619 139719295848448 feature_extraction.cc:260] Processed file [170/174]
I20260526 21:49:46.499635 139719295848448 feature_extraction.cc:263]   Name:            recon_000835.jpg
I20260526 21:49:46.499641 139719295848448 feature_extraction.cc:272]   Dimensions:      720 x 1280
I20260526 21:49:46.499645 139719295848448 feature_extraction.cc:275]   Camera:          #1 - OPENCV
I20260526 21:49:46.499650 139719295848448 feature_extraction.cc:278]   Focal Length:    1536.00px
I20260526 21:49:46.499655 139719295848448 feature_extraction.cc:282]   Features:        3137 (SIFT)
I20260526 21:49:46.512425 139719295848448 feature_extraction.cc:260] Processed file [171/174]
I20260526 21:49:46.512439 139719295848448 feature_extraction.cc:263]   Name:            recon_000845.jpg
I20260526 21:49:46.512444 139719295848448 feature_extraction.cc:272]   Dimensions:      720 x 1280
I20260526 21:49:46.512449 139719295848448 feature_extraction.cc:275]   Camera:          #1 - OPENCV
I20260526 21:49:46.512453 139719295848448 feature_extraction.cc:278]   Focal Length:    1536.00px
I20260526 21:49:46.512458 139719295848448 feature_extraction.cc:282]   Features:        3873 (SIFT)
I20260526 21:49:46.525269 139719295848448 feature_extraction.cc:260] Processed file [172/174]
I20260526 21:49:46.525290 139719295848448 feature_extraction.cc:263]   Name:            recon_000850.jpg
I20260526 21:49:46.525297 139719295848448 feature_extraction.cc:272]   Dimensions:      720 x 1280
I20260526 21:49:46.525302 139719295848448 feature_extraction.cc:275]   Camera:          #1 - OPENCV
I20260526 21:49:46.525307 139719295848448 feature_extraction.cc:278]   Focal Length:    1536.00px
I20260526 21:49:46.525313 139719295848448 feature_extraction.cc:282]   Features:        3822 (SIFT)
I20260526 21:49:46.538147 139719295848448 feature_extraction.cc:260] Processed file [173/174]
I20260526 21:49:46.538169 139719295848448 feature_extraction.cc:263]   Name:            recon_000860.jpg
I20260526 21:49:46.538180 139719295848448 feature_extraction.cc:272]   Dimensions:      720 x 1280
I20260526 21:49:46.538187 139719295848448 feature_extraction.cc:275]   Camera:          #1 - OPENCV
I20260526 21:49:46.538311 139719295848448 feature_extraction.cc:278]   Focal Length:    1536.00px
I20260526 21:49:46.538320 139719295848448 feature_extraction.cc:282]   Features:        3935 (SIFT)
I20260526 21:49:46.550994 139719295848448 feature_extraction.cc:260] Processed file [174/174]
I20260526 21:49:46.551016 139719295848448 feature_extraction.cc:263]   Name:            recon_000865.jpg
I20260526 21:49:46.551022 139719295848448 feature_extraction.cc:272]   Dimensions:      720 x 1280
I20260526 21:49:46.551028 139719295848448 feature_extraction.cc:275]   Camera:          #1 - OPENCV
I20260526 21:49:46.551034 139719295848448 feature_extraction.cc:278]   Focal Length:    1536.00px
I20260526 21:49:46.551041 139719295848448 feature_extraction.cc:282]   Features:        3986 (SIFT)
I20260526 21:49:46.566613 139719694651392 timer.cc:90] Elapsed time: 0.042 [minutes]
[RUN] colmap sequential_matcher --database_path out/colmap/distorted/database.db --FeatureMatching.use_gpu 1 --SequentialMatching.overlap 12 --SequentialMatching.loop_detection 0
I20260526 21:49:46.676231 140228772007936 misc.cc:44] 
==============================================================================
Feature matching & geometric verification
==============================================================================
I20260526 21:49:46.765038 140228763615232 feature_matching_utils.cc:78] Bind FeatureMatcherWorker to GPU device 0
I20260526 21:49:46.765556 140228763615232 sift.cc:1446] Creating SIFT GPU feature matcher
I20260526 21:49:46.767180 140228772007936 pairing.cc:412] Generating sequential image pairs...
I20260526 21:49:46.767519 140228772007936 pairing.cc:470] Processing image [1/174]
I20260526 21:49:46.802372 140228772007936 feature_matching.cc:117] in 0.035s
I20260526 21:49:46.802396 140228772007936 pairing.cc:470] Processing image [2/174]
I20260526 21:49:46.823612 140228772007936 feature_matching.cc:117] in 0.021s
I20260526 21:49:46.823628 140228772007936 pairing.cc:470] Processing image [3/174]
I20260526 21:49:46.851279 140228772007936 feature_matching.cc:117] in 0.028s
I20260526 21:49:46.851296 140228772007936 pairing.cc:470] Processing image [4/174]
I20260526 21:49:46.876093 140228772007936 feature_matching.cc:117] in 0.025s
I20260526 21:49:46.876112 140228772007936 pairing.cc:470] Processing image [5/174]
I20260526 21:49:46.906421 140228772007936 feature_matching.cc:117] in 0.030s
I20260526 21:49:46.906435 140228772007936 pairing.cc:470] Processing image [6/174]
I20260526 21:49:46.932381 140228772007936 feature_matching.cc:117] in 0.026s
I20260526 21:49:46.932399 140228772007936 pairing.cc:470] Processing image [7/174]
I20260526 21:49:46.957519 140228772007936 feature_matching.cc:117] in 0.025s
I20260526 21:49:46.957544 140228772007936 pairing.cc:470] Processing image [8/174]
I20260526 21:49:46.986404 140228772007936 feature_matching.cc:117] in 0.029s
I20260526 21:49:46.986426 140228772007936 pairing.cc:470] Processing image [9/174]
I20260526 21:49:47.016852 140228772007936 feature_matching.cc:117] in 0.030s
I20260526 21:49:47.016871 140228772007936 pairing.cc:470] Processing image [10/174]
I20260526 21:49:47.047551 140228772007936 feature_matching.cc:117] in 0.031s
I20260526 21:49:47.047570 140228772007936 pairing.cc:470] Processing image [11/174]
I20260526 21:49:47.067023 140228772007936 feature_matching.cc:117] in 0.019s
I20260526 21:49:47.067047 140228772007936 pairing.cc:470] Processing image [12/174]
I20260526 21:49:47.096938 140228772007936 feature_matching.cc:117] in 0.030s
I20260526 21:49:47.096954 140228772007936 pairing.cc:470] Processing image [13/174]
I20260526 21:49:47.124334 140228772007936 feature_matching.cc:117] in 0.027s
I20260526 21:49:47.124352 140228772007936 pairing.cc:470] Processing image [14/174]
I20260526 21:49:47.150925 140228772007936 feature_matching.cc:117] in 0.027s
I20260526 21:49:47.150941 140228772007936 pairing.cc:470] Processing image [15/174]
I20260526 21:49:47.177030 140228772007936 feature_matching.cc:117] in 0.026s
I20260526 21:49:47.177044 140228772007936 pairing.cc:470] Processing image [16/174]
I20260526 21:49:47.204541 140228772007936 feature_matching.cc:117] in 0.028s
I20260526 21:49:47.204557 140228772007936 pairing.cc:470] Processing image [17/174]
I20260526 21:49:47.233580 140228772007936 feature_matching.cc:117] in 0.029s
I20260526 21:49:47.233596 140228772007936 pairing.cc:470] Processing image [18/174]
I20260526 21:49:47.260463 140228772007936 feature_matching.cc:117] in 0.027s
I20260526 21:49:47.260475 140228772007936 pairing.cc:470] Processing image [19/174]
I20260526 21:49:47.286563 140228772007936 feature_matching.cc:117] in 0.026s
I20260526 21:49:47.286574 140228772007936 pairing.cc:470] Processing image [20/174]
I20260526 21:49:47.315056 140228772007936 feature_matching.cc:117] in 0.028s
I20260526 21:49:47.315072 140228772007936 pairing.cc:470] Processing image [21/174]
I20260526 21:49:47.338509 140228772007936 feature_matching.cc:117] in 0.023s
I20260526 21:49:47.338525 140228772007936 pairing.cc:470] Processing image [22/174]
I20260526 21:49:47.372304 140228772007936 feature_matching.cc:117] in 0.034s
I20260526 21:49:47.372328 140228772007936 pairing.cc:470] Processing image [23/174]
I20260526 21:49:47.404188 140228772007936 feature_matching.cc:117] in 0.032s
I20260526 21:49:47.404212 140228772007936 pairing.cc:470] Processing image [24/174]
I20260526 21:49:47.434566 140228772007936 feature_matching.cc:117] in 0.030s
I20260526 21:49:47.434581 140228772007936 pairing.cc:470] Processing image [25/174]
I20260526 21:49:47.468690 140228772007936 feature_matching.cc:117] in 0.034s
I20260526 21:49:47.468709 140228772007936 pairing.cc:470] Processing image [26/174]
I20260526 21:49:47.500465 140228772007936 feature_matching.cc:117] in 0.032s
I20260526 21:49:47.500479 140228772007936 pairing.cc:470] Processing image [27/174]
I20260526 21:49:47.529837 140228772007936 feature_matching.cc:117] in 0.029s
I20260526 21:49:47.529854 140228772007936 pairing.cc:470] Processing image [28/174]
I20260526 21:49:47.555672 140228772007936 feature_matching.cc:117] in 0.026s
I20260526 21:49:47.555689 140228772007936 pairing.cc:470] Processing image [29/174]
I20260526 21:49:47.587538 140228772007936 feature_matching.cc:117] in 0.032s
I20260526 21:49:47.587557 140228772007936 pairing.cc:470] Processing image [30/174]
I20260526 21:49:47.608550 140228772007936 feature_matching.cc:117] in 0.021s
I20260526 21:49:47.608565 140228772007936 pairing.cc:470] Processing image [31/174]
I20260526 21:49:47.632518 140228772007936 feature_matching.cc:117] in 0.024s
I20260526 21:49:47.632532 140228772007936 pairing.cc:470] Processing image [32/174]
I20260526 21:49:47.660978 140228772007936 feature_matching.cc:117] in 0.028s
I20260526 21:49:47.660991 140228772007936 pairing.cc:470] Processing image [33/174]
I20260526 21:49:47.683130 140228772007936 feature_matching.cc:117] in 0.022s
I20260526 21:49:47.683143 140228772007936 pairing.cc:470] Processing image [34/174]
I20260526 21:49:47.705354 140228772007936 feature_matching.cc:117] in 0.022s
I20260526 21:49:47.705367 140228772007936 pairing.cc:470] Processing image [35/174]
I20260526 21:49:47.734772 140228772007936 feature_matching.cc:117] in 0.029s
I20260526 21:49:47.734787 140228772007936 pairing.cc:470] Processing image [36/174]
I20260526 21:49:47.762343 140228772007936 feature_matching.cc:117] in 0.028s
I20260526 21:49:47.762358 140228772007936 pairing.cc:470] Processing image [37/174]
I20260526 21:49:47.794088 140228772007936 feature_matching.cc:117] in 0.032s
I20260526 21:49:47.794106 140228772007936 pairing.cc:470] Processing image [38/174]
I20260526 21:49:47.827016 140228772007936 feature_matching.cc:117] in 0.033s
I20260526 21:49:47.827034 140228772007936 pairing.cc:470] Processing image [39/174]
I20260526 21:49:47.858269 140228772007936 feature_matching.cc:117] in 0.031s
I20260526 21:49:47.858285 140228772007936 pairing.cc:470] Processing image [40/174]
I20260526 21:49:47.887012 140228772007936 feature_matching.cc:117] in 0.029s
I20260526 21:49:47.887030 140228772007936 pairing.cc:470] Processing image [41/174]
I20260526 21:49:47.918533 140228772007936 feature_matching.cc:117] in 0.032s
I20260526 21:49:47.918552 140228772007936 pairing.cc:470] Processing image [42/174]
I20260526 21:49:47.949929 140228772007936 feature_matching.cc:117] in 0.031s
I20260526 21:49:47.949952 140228772007936 pairing.cc:470] Processing image [43/174]
I20260526 21:49:47.971885 140228772007936 feature_matching.cc:117] in 0.022s
I20260526 21:49:47.971905 140228772007936 pairing.cc:470] Processing image [44/174]
I20260526 21:49:48.002810 140228772007936 feature_matching.cc:117] in 0.031s
I20260526 21:49:48.002832 140228772007936 pairing.cc:470] Processing image [45/174]
I20260526 21:49:48.032380 140228772007936 feature_matching.cc:117] in 0.030s
I20260526 21:49:48.032397 140228772007936 pairing.cc:470] Processing image [46/174]
I20260526 21:49:48.062460 140228772007936 feature_matching.cc:117] in 0.030s
I20260526 21:49:48.062480 140228772007936 pairing.cc:470] Processing image [47/174]
I20260526 21:49:48.091998 140228772007936 feature_matching.cc:117] in 0.030s
I20260526 21:49:48.092016 140228772007936 pairing.cc:470] Processing image [48/174]
I20260526 21:49:48.115106 140228772007936 feature_matching.cc:117] in 0.023s
I20260526 21:49:48.115123 140228772007936 pairing.cc:470] Processing image [49/174]
I20260526 21:49:48.139956 140228772007936 feature_matching.cc:117] in 0.025s
I20260526 21:49:48.139973 140228772007936 pairing.cc:470] Processing image [50/174]
I20260526 21:49:48.162414 140228772007936 feature_matching.cc:117] in 0.022s
I20260526 21:49:48.162430 140228772007936 pairing.cc:470] Processing image [51/174]
I20260526 21:49:48.192494 140228772007936 feature_matching.cc:117] in 0.030s
I20260526 21:49:48.192510 140228772007936 pairing.cc:470] Processing image [52/174]
I20260526 21:49:48.218287 140228772007936 feature_matching.cc:117] in 0.026s
I20260526 21:49:48.218307 140228772007936 pairing.cc:470] Processing image [53/174]
I20260526 21:49:48.245575 140228772007936 feature_matching.cc:117] in 0.027s
I20260526 21:49:48.245590 140228772007936 pairing.cc:470] Processing image [54/174]
I20260526 21:49:48.274145 140228772007936 feature_matching.cc:117] in 0.029s
I20260526 21:49:48.274162 140228772007936 pairing.cc:470] Processing image [55/174]
I20260526 21:49:48.301529 140228772007936 feature_matching.cc:117] in 0.027s
I20260526 21:49:48.301545 140228772007936 pairing.cc:470] Processing image [56/174]
I20260526 21:49:48.324645 140228772007936 feature_matching.cc:117] in 0.023s
I20260526 21:49:48.324658 140228772007936 pairing.cc:470] Processing image [57/174]
I20260526 21:49:48.347171 140228772007936 feature_matching.cc:117] in 0.023s
I20260526 21:49:48.347186 140228772007936 pairing.cc:470] Processing image [58/174]
I20260526 21:49:48.372608 140228772007936 feature_matching.cc:117] in 0.025s
I20260526 21:49:48.372626 140228772007936 pairing.cc:470] Processing image [59/174]
I20260526 21:49:48.400144 140228772007936 feature_matching.cc:117] in 0.028s
I20260526 21:49:48.400161 140228772007936 pairing.cc:470] Processing image [60/174]
I20260526 21:49:48.415772 140228772007936 feature_matching.cc:117] in 0.016s
I20260526 21:49:48.415785 140228772007936 pairing.cc:470] Processing image [61/174]
I20260526 21:49:48.441317 140228772007936 feature_matching.cc:117] in 0.026s
I20260526 21:49:48.441330 140228772007936 pairing.cc:470] Processing image [62/174]
I20260526 21:49:48.467300 140228772007936 feature_matching.cc:117] in 0.026s
I20260526 21:49:48.467315 140228772007936 pairing.cc:470] Processing image [63/174]
I20260526 21:49:48.489118 140228772007936 feature_matching.cc:117] in 0.022s
I20260526 21:49:48.489133 140228772007936 pairing.cc:470] Processing image [64/174]
I20260526 21:49:48.516887 140228772007936 feature_matching.cc:117] in 0.028s
I20260526 21:49:48.516904 140228772007936 pairing.cc:470] Processing image [65/174]
I20260526 21:49:48.544993 140228772007936 feature_matching.cc:117] in 0.028s
I20260526 21:49:48.545011 140228772007936 pairing.cc:470] Processing image [66/174]
I20260526 21:49:48.570789 140228772007936 feature_matching.cc:117] in 0.026s
I20260526 21:49:48.570813 140228772007936 pairing.cc:470] Processing image [67/174]
I20260526 21:49:48.606638 140228772007936 feature_matching.cc:117] in 0.036s
I20260526 21:49:48.606666 140228772007936 pairing.cc:470] Processing image [68/174]
I20260526 21:49:48.640106 140228772007936 feature_matching.cc:117] in 0.033s
I20260526 21:49:48.640135 140228772007936 pairing.cc:470] Processing image [69/174]
I20260526 21:49:48.668807 140228772007936 feature_matching.cc:117] in 0.029s
I20260526 21:49:48.668838 140228772007936 pairing.cc:470] Processing image [70/174]
I20260526 21:49:48.699009 140228772007936 feature_matching.cc:117] in 0.030s
I20260526 21:49:48.699034 140228772007936 pairing.cc:470] Processing image [71/174]
I20260526 21:49:48.729653 140228772007936 feature_matching.cc:117] in 0.031s
I20260526 21:49:48.729683 140228772007936 pairing.cc:470] Processing image [72/174]
I20260526 21:49:48.761515 140228772007936 feature_matching.cc:117] in 0.032s
I20260526 21:49:48.761542 140228772007936 pairing.cc:470] Processing image [73/174]
I20260526 21:49:48.789333 140228772007936 feature_matching.cc:117] in 0.028s
I20260526 21:49:48.789360 140228772007936 pairing.cc:470] Processing image [74/174]
I20260526 21:49:48.801717 140228772007936 feature_matching.cc:117] in 0.012s
I20260526 21:49:48.801738 140228772007936 pairing.cc:470] Processing image [75/174]
I20260526 21:49:48.825416 140228772007936 feature_matching.cc:117] in 0.024s
I20260526 21:49:48.825443 140228772007936 pairing.cc:470] Processing image [76/174]
I20260526 21:49:48.856430 140228772007936 feature_matching.cc:117] in 0.031s
I20260526 21:49:48.856453 140228772007936 pairing.cc:470] Processing image [77/174]
I20260526 21:49:48.882759 140228772007936 feature_matching.cc:117] in 0.026s
I20260526 21:49:48.882801 140228772007936 pairing.cc:470] Processing image [78/174]
I20260526 21:49:48.913291 140228772007936 feature_matching.cc:117] in 0.030s
I20260526 21:49:48.913321 140228772007936 pairing.cc:470] Processing image [79/174]
I20260526 21:49:48.941526 140228772007936 feature_matching.cc:117] in 0.028s
I20260526 21:49:48.941553 140228772007936 pairing.cc:470] Processing image [80/174]
I20260526 21:49:48.970832 140228772007936 feature_matching.cc:117] in 0.029s
I20260526 21:49:48.970859 140228772007936 pairing.cc:470] Processing image [81/174]
I20260526 21:49:48.998508 140228772007936 feature_matching.cc:117] in 0.028s
I20260526 21:49:48.998538 140228772007936 pairing.cc:470] Processing image [82/174]
I20260526 21:49:49.018610 140228772007936 feature_matching.cc:117] in 0.020s
I20260526 21:49:49.018633 140228772007936 pairing.cc:470] Processing image [83/174]
I20260526 21:49:49.043849 140228772007936 feature_matching.cc:117] in 0.025s
I20260526 21:49:49.043872 140228772007936 pairing.cc:470] Processing image [84/174]
I20260526 21:49:49.067752 140228772007936 feature_matching.cc:117] in 0.024s
I20260526 21:49:49.067772 140228772007936 pairing.cc:470] Processing image [85/174]
I20260526 21:49:49.092296 140228772007936 feature_matching.cc:117] in 0.025s
I20260526 21:49:49.092317 140228772007936 pairing.cc:470] Processing image [86/174]
I20260526 21:49:49.117984 140228772007936 feature_matching.cc:117] in 0.026s
I20260526 21:49:49.118002 140228772007936 pairing.cc:470] Processing image [87/174]
I20260526 21:49:49.139626 140228772007936 feature_matching.cc:117] in 0.022s
I20260526 21:49:49.139658 140228772007936 pairing.cc:470] Processing image [88/174]
I20260526 21:49:49.164523 140228772007936 feature_matching.cc:117] in 0.025s
I20260526 21:49:49.164546 140228772007936 pairing.cc:470] Processing image [89/174]
I20260526 21:49:49.187729 140228772007936 feature_matching.cc:117] in 0.023s
I20260526 21:49:49.187749 140228772007936 pairing.cc:470] Processing image [90/174]
I20260526 21:49:49.212090 140228772007936 feature_matching.cc:117] in 0.024s
I20260526 21:49:49.212110 140228772007936 pairing.cc:470] Processing image [91/174]
I20260526 21:49:49.238636 140228772007936 feature_matching.cc:117] in 0.027s
I20260526 21:49:49.238657 140228772007936 pairing.cc:470] Processing image [92/174]
I20260526 21:49:49.265878 140228772007936 feature_matching.cc:117] in 0.027s
I20260526 21:49:49.265898 140228772007936 pairing.cc:470] Processing image [93/174]
I20260526 21:49:49.279711 140228772007936 feature_matching.cc:117] in 0.014s
I20260526 21:49:49.279734 140228772007936 pairing.cc:470] Processing image [94/174]
I20260526 21:49:49.305704 140228772007936 feature_matching.cc:117] in 0.026s
I20260526 21:49:49.305722 140228772007936 pairing.cc:470] Processing image [95/174]
I20260526 21:49:49.318538 140228772007936 feature_matching.cc:117] in 0.013s
I20260526 21:49:49.318554 140228772007936 pairing.cc:470] Processing image [96/174]
I20260526 21:49:49.335730 140228772007936 feature_matching.cc:117] in 0.017s
I20260526 21:49:49.335745 140228772007936 pairing.cc:470] Processing image [97/174]
I20260526 21:49:49.350507 140228772007936 feature_matching.cc:117] in 0.015s
I20260526 21:49:49.350524 140228772007936 pairing.cc:470] Processing image [98/174]
I20260526 21:49:49.379001 140228772007936 feature_matching.cc:117] in 0.028s
I20260526 21:49:49.379017 140228772007936 pairing.cc:470] Processing image [99/174]
I20260526 21:49:49.402047 140228772007936 feature_matching.cc:117] in 0.023s
I20260526 21:49:49.402062 140228772007936 pairing.cc:470] Processing image [100/174]
I20260526 21:49:49.432236 140228772007936 feature_matching.cc:117] in 0.030s
I20260526 21:49:49.432253 140228772007936 pairing.cc:470] Processing image [101/174]
I20260526 21:49:49.462377 140228772007936 feature_matching.cc:117] in 0.030s
I20260526 21:49:49.462395 140228772007936 pairing.cc:470] Processing image [102/174]
I20260526 21:49:49.493234 140228772007936 feature_matching.cc:117] in 0.031s
I20260526 21:49:49.493257 140228772007936 pairing.cc:470] Processing image [103/174]
I20260526 21:49:49.521576 140228772007936 feature_matching.cc:117] in 0.028s
I20260526 21:49:49.521593 140228772007936 pairing.cc:470] Processing image [104/174]
I20260526 21:49:49.553104 140228772007936 feature_matching.cc:117] in 0.032s
I20260526 21:49:49.553129 140228772007936 pairing.cc:470] Processing image [105/174]
I20260526 21:49:49.580892 140228772007936 feature_matching.cc:117] in 0.028s
I20260526 21:49:49.580909 140228772007936 pairing.cc:470] Processing image [106/174]
I20260526 21:49:49.610867 140228772007936 feature_matching.cc:117] in 0.030s
I20260526 21:49:49.610885 140228772007936 pairing.cc:470] Processing image [107/174]
I20260526 21:49:49.641076 140228772007936 feature_matching.cc:117] in 0.030s
I20260526 21:49:49.641097 140228772007936 pairing.cc:470] Processing image [108/174]
I20260526 21:49:49.669430 140228772007936 feature_matching.cc:117] in 0.028s
I20260526 21:49:49.669447 140228772007936 pairing.cc:470] Processing image [109/174]
I20260526 21:49:49.699626 140228772007936 feature_matching.cc:117] in 0.030s
I20260526 21:49:49.699643 140228772007936 pairing.cc:470] Processing image [110/174]
I20260526 21:49:49.727747 140228772007936 feature_matching.cc:117] in 0.028s
I20260526 21:49:49.727763 140228772007936 pairing.cc:470] Processing image [111/174]
I20260526 21:49:49.748815 140228772007936 feature_matching.cc:117] in 0.021s
I20260526 21:49:49.748831 140228772007936 pairing.cc:470] Processing image [112/174]
I20260526 21:49:49.770290 140228772007936 feature_matching.cc:117] in 0.021s
I20260526 21:49:49.770306 140228772007936 pairing.cc:470] Processing image [113/174]
I20260526 21:49:49.789331 140228772007936 feature_matching.cc:117] in 0.019s
I20260526 21:49:49.789352 140228772007936 pairing.cc:470] Processing image [114/174]
I20260526 21:49:49.805247 140228772007936 feature_matching.cc:117] in 0.016s
I20260526 21:49:49.805268 140228772007936 pairing.cc:470] Processing image [115/174]
I20260526 21:49:49.835848 140228772007936 feature_matching.cc:117] in 0.031s
I20260526 21:49:49.835870 140228772007936 pairing.cc:470] Processing image [116/174]
I20260526 21:49:49.865489 140228772007936 feature_matching.cc:117] in 0.030s
I20260526 21:49:49.865507 140228772007936 pairing.cc:470] Processing image [117/174]
I20260526 21:49:49.879659 140228772007936 feature_matching.cc:117] in 0.014s
I20260526 21:49:49.879672 140228772007936 pairing.cc:470] Processing image [118/174]
I20260526 21:49:49.895942 140228772007936 feature_matching.cc:117] in 0.016s
I20260526 21:49:49.895955 140228772007936 pairing.cc:470] Processing image [119/174]
I20260526 21:49:49.908427 140228772007936 feature_matching.cc:117] in 0.012s
I20260526 21:49:49.908439 140228772007936 pairing.cc:470] Processing image [120/174]
I20260526 21:49:49.919611 140228772007936 feature_matching.cc:117] in 0.011s
I20260526 21:49:49.919622 140228772007936 pairing.cc:470] Processing image [121/174]
I20260526 21:49:49.934965 140228772007936 feature_matching.cc:117] in 0.015s
I20260526 21:49:49.934978 140228772007936 pairing.cc:470] Processing image [122/174]
I20260526 21:49:49.947729 140228772007936 feature_matching.cc:117] in 0.013s
I20260526 21:49:49.947744 140228772007936 pairing.cc:470] Processing image [123/174]
I20260526 21:49:49.958954 140228772007936 feature_matching.cc:117] in 0.011s
I20260526 21:49:49.958965 140228772007936 pairing.cc:470] Processing image [124/174]
I20260526 21:49:49.985315 140228772007936 feature_matching.cc:117] in 0.026s
I20260526 21:49:49.985328 140228772007936 pairing.cc:470] Processing image [125/174]
I20260526 21:49:49.999277 140228772007936 feature_matching.cc:117] in 0.014s
I20260526 21:49:49.999290 140228772007936 pairing.cc:470] Processing image [126/174]
I20260526 21:49:50.010628 140228772007936 feature_matching.cc:117] in 0.011s
I20260526 21:49:50.010638 140228772007936 pairing.cc:470] Processing image [127/174]
I20260526 21:49:50.033320 140228772007936 feature_matching.cc:117] in 0.023s
I20260526 21:49:50.033332 140228772007936 pairing.cc:470] Processing image [128/174]
I20260526 21:49:50.059925 140228772007936 feature_matching.cc:117] in 0.027s
I20260526 21:49:50.059937 140228772007936 pairing.cc:470] Processing image [129/174]
I20260526 21:49:50.088509 140228772007936 feature_matching.cc:117] in 0.029s
I20260526 21:49:50.088523 140228772007936 pairing.cc:470] Processing image [130/174]
I20260526 21:49:50.103761 140228772007936 feature_matching.cc:117] in 0.015s
I20260526 21:49:50.103775 140228772007936 pairing.cc:470] Processing image [131/174]
I20260526 21:49:50.130429 140228772007936 feature_matching.cc:117] in 0.027s
I20260526 21:49:50.130443 140228772007936 pairing.cc:470] Processing image [132/174]
I20260526 21:49:50.143892 140228772007936 feature_matching.cc:117] in 0.013s
I20260526 21:49:50.143904 140228772007936 pairing.cc:470] Processing image [133/174]
I20260526 21:49:50.170743 140228772007936 feature_matching.cc:117] in 0.027s
I20260526 21:49:50.170756 140228772007936 pairing.cc:470] Processing image [134/174]
I20260526 21:49:50.197857 140228772007936 feature_matching.cc:117] in 0.027s
I20260526 21:49:50.197869 140228772007936 pairing.cc:470] Processing image [135/174]
I20260526 21:49:50.226038 140228772007936 feature_matching.cc:117] in 0.028s
I20260526 21:49:50.226053 140228772007936 pairing.cc:470] Processing image [136/174]
I20260526 21:49:50.246323 140228772007936 feature_matching.cc:117] in 0.020s
I20260526 21:49:50.246337 140228772007936 pairing.cc:470] Processing image [137/174]
I20260526 21:49:50.274159 140228772007936 feature_matching.cc:117] in 0.028s
I20260526 21:49:50.274173 140228772007936 pairing.cc:470] Processing image [138/174]
I20260526 21:49:50.301004 140228772007936 feature_matching.cc:117] in 0.027s
I20260526 21:49:50.301021 140228772007936 pairing.cc:470] Processing image [139/174]
I20260526 21:49:50.320773 140228772007936 feature_matching.cc:117] in 0.020s
I20260526 21:49:50.320787 140228772007936 pairing.cc:470] Processing image [140/174]
I20260526 21:49:50.334432 140228772007936 feature_matching.cc:117] in 0.014s
I20260526 21:49:50.334444 140228772007936 pairing.cc:470] Processing image [141/174]
I20260526 21:49:50.363494 140228772007936 feature_matching.cc:117] in 0.029s
I20260526 21:49:50.363506 140228772007936 pairing.cc:470] Processing image [142/174]
I20260526 21:49:50.379308 140228772007936 feature_matching.cc:117] in 0.016s
I20260526 21:49:50.379324 140228772007936 pairing.cc:470] Processing image [143/174]
I20260526 21:49:50.399128 140228772007936 feature_matching.cc:117] in 0.020s
I20260526 21:49:50.399144 140228772007936 pairing.cc:470] Processing image [144/174]
I20260526 21:49:50.414203 140228772007936 feature_matching.cc:117] in 0.015s
I20260526 21:49:50.414229 140228772007936 pairing.cc:470] Processing image [145/174]
I20260526 21:49:50.444742 140228772007936 feature_matching.cc:117] in 0.031s
I20260526 21:49:50.444756 140228772007936 pairing.cc:470] Processing image [146/174]
I20260526 21:49:50.458801 140228772007936 feature_matching.cc:117] in 0.014s
I20260526 21:49:50.458811 140228772007936 pairing.cc:470] Processing image [147/174]
I20260526 21:49:50.481469 140228772007936 feature_matching.cc:117] in 0.023s
I20260526 21:49:50.481479 140228772007936 pairing.cc:470] Processing image [148/174]
I20260526 21:49:50.491391 140228772007936 feature_matching.cc:117] in 0.010s
I20260526 21:49:50.491402 140228772007936 pairing.cc:470] Processing image [149/174]
I20260526 21:49:50.508219 140228772007936 feature_matching.cc:117] in 0.017s
I20260526 21:49:50.508230 140228772007936 pairing.cc:470] Processing image [150/174]
I20260526 21:49:50.518670 140228772007936 feature_matching.cc:117] in 0.010s
I20260526 21:49:50.518681 140228772007936 pairing.cc:470] Processing image [151/174]
I20260526 21:49:50.531709 140228772007936 feature_matching.cc:117] in 0.013s
I20260526 21:49:50.531724 140228772007936 pairing.cc:470] Processing image [152/174]
I20260526 21:49:50.544138 140228772007936 feature_matching.cc:117] in 0.012s
I20260526 21:49:50.544151 140228772007936 pairing.cc:470] Processing image [153/174]
I20260526 21:49:50.551636 140228772007936 feature_matching.cc:117] in 0.007s
I20260526 21:49:50.551649 140228772007936 pairing.cc:470] Processing image [154/174]
I20260526 21:49:50.564106 140228772007936 feature_matching.cc:117] in 0.012s
I20260526 21:49:50.564119 140228772007936 pairing.cc:470] Processing image [155/174]
I20260526 21:49:50.571157 140228772007936 feature_matching.cc:117] in 0.007s
I20260526 21:49:50.571168 140228772007936 pairing.cc:470] Processing image [156/174]
I20260526 21:49:50.578568 140228772007936 feature_matching.cc:117] in 0.007s
I20260526 21:49:50.578581 140228772007936 pairing.cc:470] Processing image [157/174]
I20260526 21:49:50.588547 140228772007936 feature_matching.cc:117] in 0.010s
I20260526 21:49:50.588559 140228772007936 pairing.cc:470] Processing image [158/174]
I20260526 21:49:50.597318 140228772007936 feature_matching.cc:117] in 0.009s
I20260526 21:49:50.597329 140228772007936 pairing.cc:470] Processing image [159/174]
I20260526 21:49:50.602702 140228772007936 feature_matching.cc:117] in 0.005s
I20260526 21:49:50.602711 140228772007936 pairing.cc:470] Processing image [160/174]
I20260526 21:49:50.608435 140228772007936 feature_matching.cc:117] in 0.006s
I20260526 21:49:50.608448 140228772007936 pairing.cc:470] Processing image [161/174]
I20260526 21:49:50.614909 140228772007936 feature_matching.cc:117] in 0.006s
I20260526 21:49:50.614918 140228772007936 pairing.cc:470] Processing image [162/174]
I20260526 21:49:50.621320 140228772007936 feature_matching.cc:117] in 0.006s
I20260526 21:49:50.621332 140228772007936 pairing.cc:470] Processing image [163/174]
I20260526 21:49:50.629495 140228772007936 feature_matching.cc:117] in 0.008s
I20260526 21:49:50.629509 140228772007936 pairing.cc:470] Processing image [164/174]
I20260526 21:49:50.636053 140228772007936 feature_matching.cc:117] in 0.007s
I20260526 21:49:50.636064 140228772007936 pairing.cc:470] Processing image [165/174]
I20260526 21:49:50.643541 140228772007936 feature_matching.cc:117] in 0.007s
I20260526 21:49:50.643553 140228772007936 pairing.cc:470] Processing image [166/174]
I20260526 21:49:50.649991 140228772007936 feature_matching.cc:117] in 0.006s
I20260526 21:49:50.650001 140228772007936 pairing.cc:470] Processing image [167/174]
I20260526 21:49:50.655050 140228772007936 feature_matching.cc:117] in 0.005s
I20260526 21:49:50.655060 140228772007936 pairing.cc:470] Processing image [168/174]
I20260526 21:49:50.661272 140228772007936 feature_matching.cc:117] in 0.006s
I20260526 21:49:50.661285 140228772007936 pairing.cc:470] Processing image [169/174]
I20260526 21:49:50.665986 140228772007936 feature_matching.cc:117] in 0.005s
I20260526 21:49:50.666001 140228772007936 pairing.cc:470] Processing image [170/174]
I20260526 21:49:50.669922 140228772007936 feature_matching.cc:117] in 0.004s
I20260526 21:49:50.669933 140228772007936 pairing.cc:470] Processing image [171/174]
I20260526 21:49:50.673758 140228772007936 feature_matching.cc:117] in 0.004s
I20260526 21:49:50.673771 140228772007936 pairing.cc:470] Processing image [172/174]
I20260526 21:49:50.677504 140228772007936 feature_matching.cc:117] in 0.004s
I20260526 21:49:50.677513 140228772007936 pairing.cc:470] Processing image [173/174]
I20260526 21:49:50.681056 140228772007936 feature_matching.cc:117] in 0.004s
I20260526 21:49:50.681067 140228772007936 pairing.cc:470] Processing image [174/174]
I20260526 21:49:50.681072 140228772007936 feature_matching.cc:117] in 0.000s
I20260526 21:49:50.681076 140228772007936 timer.cc:90] Elapsed time: 0.067 [minutes]
[RUN] colmap mapper --database_path out/colmap/distorted/database.db --image_path out/colmap/input --output_path out/colmap/distorted/sparse --Mapper.ba_global_function_tolerance 0.000001
I20260526 21:49:50.786831 139777218568192 incremental_pipeline.cc:264] Loading database
I20260526 21:49:50.787918 139777218568192 database_cache.cc:67] Loading rigs...
I20260526 21:49:50.787962 139777218568192 database_cache.cc:77]  1 in 0.000s
I20260526 21:49:50.787968 139777218568192 database_cache.cc:85] Loading cameras...
I20260526 21:49:50.787982 139777218568192 database_cache.cc:103]  1 in 0.000s
I20260526 21:49:50.787986 139777218568192 database_cache.cc:111] Loading frames...
I20260526 21:49:50.788117 139777218568192 database_cache.cc:126]  174 in 0.000s
I20260526 21:49:50.788126 139777218568192 database_cache.cc:134] Loading matches...
I20260526 21:49:50.794417 139777218568192 database_cache.cc:139]  884 in 0.006s
I20260526 21:49:50.798198 139777218568192 database_cache.cc:155] Loading images...
I20260526 21:49:50.843828 139777218568192 database_cache.cc:239]  174 in 0.046s (connected 174)
I20260526 21:49:50.844970 139777218568192 database_cache.cc:250] Building correspondence graph...
I20260526 21:49:50.878621 139777218568192 database_cache.cc:277]  in 0.034s (ignored 0)
I20260526 21:49:50.878995 139777218568192 timer.cc:90] Elapsed time: 0.002 [minutes]
I20260526 21:49:50.884814 139777218568192 incremental_pipeline.cc:311] Finding good initial image pair
I20260526 21:49:50.915984 139777218568192 incremental_pipeline.cc:335] Registering initial image pair #114 and #110
I20260526 21:49:50.917067 139777218568192 incremental_pipeline.cc:349] Global bundle adjustment
I20260526 21:49:50.968320 139777218568192 incremental_pipeline.cc:439] Registering image #113 (num_reg_frames=2)
I20260526 21:49:50.968339 139777218568192 incremental_pipeline.cc:442] => Image sees 76 / 2244 points
I20260526 21:49:51.146343 139777218568192 incremental_pipeline.cc:43] Retriangulation and Global bundle adjustment
I20260526 21:49:51.312348 139777218568192 incremental_pipeline.cc:439] Registering image #115 (num_reg_frames=3)
I20260526 21:49:51.312373 139777218568192 incremental_pipeline.cc:442] => Image sees 520 / 2700 points
I20260526 21:49:51.551198 139777218568192 incremental_pipeline.cc:43] Retriangulation and Global bundle adjustment
I20260526 21:49:51.637393 139777218568192 incremental_pipeline.cc:439] Registering image #116 (num_reg_frames=4)
I20260526 21:49:51.637416 139777218568192 incremental_pipeline.cc:442] => Image sees 705 / 2533 points
I20260526 21:49:51.856372 139777218568192 incremental_pipeline.cc:43] Retriangulation and Global bundle adjustment
I20260526 21:49:51.923907 139777218568192 incremental_pipeline.cc:439] Registering image #112 (num_reg_frames=5)
I20260526 21:49:51.923933 139777218568192 incremental_pipeline.cc:442] => Image sees 681 / 2627 points
I20260526 21:49:52.321607 139777218568192 incremental_pipeline.cc:43] Retriangulation and Global bundle adjustment
I20260526 21:49:52.494520 139777218568192 incremental_pipeline.cc:439] Registering image #111 (num_reg_frames=6)
I20260526 21:49:52.494548 139777218568192 incremental_pipeline.cc:442] => Image sees 1012 / 2640 points
I20260526 21:49:52.642872 139777218568192 incremental_pipeline.cc:43] Retriangulation and Global bundle adjustment
I20260526 21:49:52.820866 139777218568192 incremental_pipeline.cc:439] Registering image #109 (num_reg_frames=7)
I20260526 21:49:52.820894 139777218568192 incremental_pipeline.cc:442] => Image sees 640 / 1841 points
I20260526 21:49:52.943898 139777218568192 incremental_pipeline.cc:43] Retriangulation and Global bundle adjustment
I20260526 21:49:53.106438 139777218568192 incremental_pipeline.cc:439] Registering image #117 (num_reg_frames=8)
I20260526 21:49:53.106464 139777218568192 incremental_pipeline.cc:442] => Image sees 612 / 2369 points
I20260526 21:49:53.228982 139777218568192 incremental_pipeline.cc:43] Retriangulation and Global bundle adjustment
I20260526 21:49:53.464499 139777218568192 incremental_pipeline.cc:439] Registering image #118 (num_reg_frames=9)
I20260526 21:49:53.464520 139777218568192 incremental_pipeline.cc:442] => Image sees 772 / 2307 points
I20260526 21:49:53.612716 139777218568192 incremental_pipeline.cc:43] Retriangulation and Global bundle adjustment
I20260526 21:49:53.800566 139777218568192 incremental_pipeline.cc:439] Registering image #119 (num_reg_frames=10)
I20260526 21:49:53.800592 139777218568192 incremental_pipeline.cc:442] => Image sees 536 / 1595 points
I20260526 21:49:53.957459 139777218568192 incremental_pipeline.cc:43] Retriangulation and Global bundle adjustment
I20260526 21:49:54.226448 139777218568192 incremental_pipeline.cc:439] Registering image #120 (num_reg_frames=11)
I20260526 21:49:54.226472 139777218568192 incremental_pipeline.cc:442] => Image sees 401 / 1404 points
I20260526 21:49:54.343920 139777218568192 incremental_pipeline.cc:439] Registering image #121 (num_reg_frames=12)
I20260526 21:49:54.343951 139777218568192 incremental_pipeline.cc:442] => Image sees 427 / 1714 points
I20260526 21:49:54.481892 139777218568192 incremental_pipeline.cc:43] Retriangulation and Global bundle adjustment
I20260526 21:49:54.854546 139777218568192 incremental_pipeline.cc:439] Registering image #108 (num_reg_frames=13)
I20260526 21:49:54.854570 139777218568192 incremental_pipeline.cc:442] => Image sees 454 / 1690 points
I20260526 21:49:55.023104 139777218568192 incremental_pipeline.cc:439] Registering image #107 (num_reg_frames=14)
I20260526 21:49:55.023126 139777218568192 incremental_pipeline.cc:442] => Image sees 623 / 1945 points
I20260526 21:49:55.145745 139777218568192 incremental_pipeline.cc:43] Retriangulation and Global bundle adjustment
I20260526 21:49:55.445809 139777218568192 incremental_pipeline.cc:439] Registering image #106 (num_reg_frames=15)
I20260526 21:49:55.445836 139777218568192 incremental_pipeline.cc:442] => Image sees 394 / 1837 points
I20260526 21:49:55.587184 139777218568192 incremental_pipeline.cc:439] Registering image #105 (num_reg_frames=16)
I20260526 21:49:55.587213 139777218568192 incremental_pipeline.cc:442] => Image sees 400 / 1715 points
I20260526 21:49:55.681416 139777218568192 incremental_pipeline.cc:43] Retriangulation and Global bundle adjustment
I20260526 21:49:55.960199 139777218568192 incremental_pipeline.cc:439] Registering image #122 (num_reg_frames=17)
I20260526 21:49:55.960227 139777218568192 incremental_pipeline.cc:442] => Image sees 359 / 1433 points
I20260526 21:49:56.191216 139777218568192 incremental_pipeline.cc:439] Registering image #123 (num_reg_frames=18)
I20260526 21:49:56.191243 139777218568192 incremental_pipeline.cc:442] => Image sees 433 / 2319 points
I20260526 21:49:56.323285 139777218568192 incremental_pipeline.cc:43] Retriangulation and Global bundle adjustment
I20260526 21:49:56.842134 139777218568192 incremental_pipeline.cc:439] Registering image #124 (num_reg_frames=19)
I20260526 21:49:56.842158 139777218568192 incremental_pipeline.cc:442] => Image sees 590 / 3009 points
I20260526 21:49:56.983369 139777218568192 incremental_pipeline.cc:439] Registering image #125 (num_reg_frames=20)
I20260526 21:49:56.983393 139777218568192 incremental_pipeline.cc:442] => Image sees 861 / 2767 points
I20260526 21:49:57.135179 139777218568192 incremental_pipeline.cc:43] Retriangulation and Global bundle adjustment
I20260526 21:49:57.609264 139777218568192 incremental_pipeline.cc:439] Registering image #126 (num_reg_frames=21)
I20260526 21:49:57.609290 139777218568192 incremental_pipeline.cc:442] => Image sees 758 / 2265 points
I20260526 21:49:57.871280 139777218568192 incremental_pipeline.cc:439] Registering image #127 (num_reg_frames=22)
I20260526 21:49:57.871309 139777218568192 incremental_pipeline.cc:442] => Image sees 459 / 1214 points
I20260526 21:49:58.066340 139777218568192 incremental_pipeline.cc:439] Registering image #129 (num_reg_frames=23)
I20260526 21:49:58.066366 139777218568192 incremental_pipeline.cc:442] => Image sees 431 / 2159 points
I20260526 21:49:58.198128 139777218568192 incremental_pipeline.cc:43] Retriangulation and Global bundle adjustment
I20260526 21:49:58.391939 139777218568192 incremental_pipeline.cc:439] Registering image #130 (num_reg_frames=24)
I20260526 21:49:58.391968 139777218568192 incremental_pipeline.cc:442] => Image sees 546 / 2195 points
I20260526 21:49:58.564131 139777218568192 incremental_pipeline.cc:439] Registering image #131 (num_reg_frames=25)
I20260526 21:49:58.564160 139777218568192 incremental_pipeline.cc:442] => Image sees 680 / 2281 points
I20260526 21:49:58.744780 139777218568192 incremental_pipeline.cc:43] Retriangulation and Global bundle adjustment
I20260526 21:49:58.885992 139777218568192 incremental_pipeline.cc:439] Registering image #132 (num_reg_frames=26)
I20260526 21:49:58.886020 139777218568192 incremental_pipeline.cc:442] => Image sees 670 / 2250 points
I20260526 21:49:59.082224 139777218568192 incremental_pipeline.cc:439] Registering image #133 (num_reg_frames=27)
I20260526 21:49:59.082250 139777218568192 incremental_pipeline.cc:442] => Image sees 718 / 2232 points
I20260526 21:49:59.261682 139777218568192 incremental_pipeline.cc:439] Registering image #134 (num_reg_frames=28)
I20260526 21:49:59.261704 139777218568192 incremental_pipeline.cc:442] => Image sees 904 / 2126 points
I20260526 21:49:59.643344 139777218568192 incremental_pipeline.cc:43] Retriangulation and Global bundle adjustment
I20260526 21:49:59.809439 139777218568192 incremental_pipeline.cc:439] Registering image #135 (num_reg_frames=29)
I20260526 21:49:59.809467 139777218568192 incremental_pipeline.cc:442] => Image sees 673 / 2228 points
I20260526 21:49:59.971471 139777218568192 incremental_pipeline.cc:439] Registering image #136 (num_reg_frames=30)
I20260526 21:49:59.971497 139777218568192 incremental_pipeline.cc:442] => Image sees 721 / 2285 points
I20260526 21:50:00.124197 139777218568192 incremental_pipeline.cc:439] Registering image #137 (num_reg_frames=31)
I20260526 21:50:00.124228 139777218568192 incremental_pipeline.cc:442] => Image sees 786 / 2338 points
I20260526 21:50:00.363186 139777218568192 incremental_pipeline.cc:43] Retriangulation and Global bundle adjustment
I20260526 21:50:00.580787 139777218568192 incremental_pipeline.cc:439] Registering image #138 (num_reg_frames=32)
I20260526 21:50:00.580813 139777218568192 incremental_pipeline.cc:442] => Image sees 923 / 2378 points
I20260526 21:50:00.784467 139777218568192 incremental_pipeline.cc:439] Registering image #128 (num_reg_frames=33)
I20260526 21:50:00.784492 139777218568192 incremental_pipeline.cc:442] => Image sees 650 / 1033 points
I20260526 21:50:00.927085 139777218568192 incremental_pipeline.cc:439] Registering image #139 (num_reg_frames=34)
I20260526 21:50:00.927111 139777218568192 incremental_pipeline.cc:442] => Image sees 588 / 2083 points
I20260526 21:50:01.161086 139777218568192 incremental_pipeline.cc:439] Registering image #140 (num_reg_frames=35)
I20260526 21:50:01.161112 139777218568192 incremental_pipeline.cc:442] => Image sees 617 / 2064 points
I20260526 21:50:01.332395 139777218568192 incremental_pipeline.cc:43] Retriangulation and Global bundle adjustment
I20260526 21:50:01.589595 139777218568192 incremental_pipeline.cc:439] Registering image #141 (num_reg_frames=36)
I20260526 21:50:01.589624 139777218568192 incremental_pipeline.cc:442] => Image sees 551 / 2249 points
I20260526 21:50:01.729492 139777218568192 incremental_pipeline.cc:439] Registering image #142 (num_reg_frames=37)
I20260526 21:50:01.729520 139777218568192 incremental_pipeline.cc:442] => Image sees 674 / 2349 points
I20260526 21:50:01.937708 139777218568192 incremental_pipeline.cc:439] Registering image #143 (num_reg_frames=38)
I20260526 21:50:01.937735 139777218568192 incremental_pipeline.cc:442] => Image sees 623 / 2920 points
I20260526 21:50:02.142284 139777218568192 incremental_pipeline.cc:43] Retriangulation and Global bundle adjustment
I20260526 21:50:02.371945 139777218568192 incremental_pipeline.cc:439] Registering image #144 (num_reg_frames=39)
I20260526 21:50:02.371977 139777218568192 incremental_pipeline.cc:442] => Image sees 902 / 2953 points
I20260526 21:50:02.559802 139777218568192 incremental_pipeline.cc:439] Registering image #145 (num_reg_frames=40)
I20260526 21:50:02.559832 139777218568192 incremental_pipeline.cc:442] => Image sees 673 / 2498 points
I20260526 21:50:02.766877 139777218568192 incremental_pipeline.cc:439] Registering image #146 (num_reg_frames=41)
I20260526 21:50:02.766905 139777218568192 incremental_pipeline.cc:442] => Image sees 944 / 2392 points
I20260526 21:50:02.954888 139777218568192 incremental_pipeline.cc:439] Registering image #147 (num_reg_frames=42)
I20260526 21:50:02.954916 139777218568192 incremental_pipeline.cc:442] => Image sees 734 / 2373 points
I20260526 21:50:03.180594 139777218568192 incremental_pipeline.cc:43] Retriangulation and Global bundle adjustment
I20260526 21:50:03.477889 139777218568192 incremental_pipeline.cc:439] Registering image #148 (num_reg_frames=43)
I20260526 21:50:03.477920 139777218568192 incremental_pipeline.cc:442] => Image sees 760 / 2254 points
I20260526 21:50:03.677246 139777218568192 incremental_pipeline.cc:439] Registering image #149 (num_reg_frames=44)
I20260526 21:50:03.677276 139777218568192 incremental_pipeline.cc:442] => Image sees 636 / 2036 points
I20260526 21:50:03.888176 139777218568192 incremental_pipeline.cc:439] Registering image #150 (num_reg_frames=45)
I20260526 21:50:03.888208 139777218568192 incremental_pipeline.cc:442] => Image sees 713 / 2104 points
I20260526 21:50:04.079104 139777218568192 incremental_pipeline.cc:439] Registering image #151 (num_reg_frames=46)
I20260526 21:50:04.079131 139777218568192 incremental_pipeline.cc:442] => Image sees 718 / 2402 points
I20260526 21:50:04.265781 139777218568192 incremental_pipeline.cc:439] Registering image #152 (num_reg_frames=47)
I20260526 21:50:04.265804 139777218568192 incremental_pipeline.cc:442] => Image sees 699 / 2113 points
I20260526 21:50:04.450223 139777218568192 incremental_pipeline.cc:43] Retriangulation and Global bundle adjustment
I20260526 21:50:04.753622 139777218568192 incremental_pipeline.cc:439] Registering image #153 (num_reg_frames=48)
I20260526 21:50:04.753652 139777218568192 incremental_pipeline.cc:442] => Image sees 440 / 1875 points
I20260526 21:50:04.923330 139777218568192 incremental_pipeline.cc:439] Registering image #154 (num_reg_frames=49)
I20260526 21:50:04.923356 139777218568192 incremental_pipeline.cc:442] => Image sees 621 / 1757 points
I20260526 21:50:05.122906 139777218568192 incremental_pipeline.cc:439] Registering image #155 (num_reg_frames=50)
I20260526 21:50:05.122932 139777218568192 incremental_pipeline.cc:442] => Image sees 511 / 1626 points
I20260526 21:50:05.298579 139777218568192 incremental_pipeline.cc:439] Registering image #156 (num_reg_frames=51)
I20260526 21:50:05.298606 139777218568192 incremental_pipeline.cc:442] => Image sees 479 / 1676 points
I20260526 21:50:05.637474 139777218568192 incremental_pipeline.cc:439] Registering image #157 (num_reg_frames=52)
I20260526 21:50:05.637499 139777218568192 incremental_pipeline.cc:442] => Image sees 521 / 1892 points
I20260526 21:50:05.800184 139777218568192 incremental_pipeline.cc:43] Retriangulation and Global bundle adjustment
I20260526 21:50:06.162092 139777218568192 incremental_pipeline.cc:439] Registering image #158 (num_reg_frames=53)
I20260526 21:50:06.162122 139777218568192 incremental_pipeline.cc:442] => Image sees 608 / 1868 points
I20260526 21:50:06.454525 139777218568192 incremental_pipeline.cc:439] Registering image #159 (num_reg_frames=54)
I20260526 21:50:06.454552 139777218568192 incremental_pipeline.cc:442] => Image sees 491 / 1854 points
I20260526 21:50:06.682708 139777218568192 incremental_pipeline.cc:439] Registering image #160 (num_reg_frames=55)
I20260526 21:50:06.682735 139777218568192 incremental_pipeline.cc:442] => Image sees 563 / 1645 points
I20260526 21:50:06.804839 139777218568192 incremental_pipeline.cc:439] Registering image #161 (num_reg_frames=56)
I20260526 21:50:06.804866 139777218568192 incremental_pipeline.cc:442] => Image sees 400 / 1376 points
I20260526 21:50:06.937931 139777218568192 incremental_pipeline.cc:439] Registering image #162 (num_reg_frames=57)
I20260526 21:50:06.937956 139777218568192 incremental_pipeline.cc:442] => Image sees 441 / 1325 points
I20260526 21:50:07.100700 139777218568192 incremental_pipeline.cc:439] Registering image #169 (num_reg_frames=58)
I20260526 21:50:07.100726 139777218568192 incremental_pipeline.cc:442] => Image sees 340 / 1276 points
I20260526 21:50:07.216835 139777218568192 incremental_pipeline.cc:43] Retriangulation and Global bundle adjustment
I20260526 21:50:07.579169 139777218568192 incremental_pipeline.cc:439] Registering image #163 (num_reg_frames=59)
I20260526 21:50:07.579203 139777218568192 incremental_pipeline.cc:442] => Image sees 328 / 1491 points
I20260526 21:50:07.704696 139777218568192 incremental_pipeline.cc:439] Registering image #164 (num_reg_frames=60)
I20260526 21:50:07.704726 139777218568192 incremental_pipeline.cc:442] => Image sees 368 / 1674 points
I20260526 21:50:07.823198 139777218568192 incremental_pipeline.cc:439] Registering image #165 (num_reg_frames=61)
I20260526 21:50:07.823230 139777218568192 incremental_pipeline.cc:442] => Image sees 499 / 2341 points
I20260526 21:50:07.995378 139777218568192 incremental_pipeline.cc:439] Registering image #166 (num_reg_frames=62)
I20260526 21:50:07.995405 139777218568192 incremental_pipeline.cc:442] => Image sees 736 / 2355 points
I20260526 21:50:08.139657 139777218568192 incremental_pipeline.cc:439] Registering image #167 (num_reg_frames=63)
I20260526 21:50:08.139684 139777218568192 incremental_pipeline.cc:442] => Image sees 687 / 1558 points
I20260526 21:50:08.361034 139777218568192 incremental_pipeline.cc:439] Registering image #168 (num_reg_frames=64)
I20260526 21:50:08.361061 139777218568192 incremental_pipeline.cc:442] => Image sees 743 / 1289 points
I20260526 21:50:08.549134 139777218568192 incremental_pipeline.cc:43] Retriangulation and Global bundle adjustment
I20260526 21:50:09.060597 139777218568192 incremental_pipeline.cc:439] Registering image #170 (num_reg_frames=65)
I20260526 21:50:09.060632 139777218568192 incremental_pipeline.cc:442] => Image sees 420 / 1121 points
I20260526 21:50:09.206930 139777218568192 incremental_pipeline.cc:439] Registering image #171 (num_reg_frames=66)
I20260526 21:50:09.206958 139777218568192 incremental_pipeline.cc:442] => Image sees 491 / 1799 points
I20260526 21:50:09.336394 139777218568192 incremental_pipeline.cc:439] Registering image #172 (num_reg_frames=67)
I20260526 21:50:09.336420 139777218568192 incremental_pipeline.cc:442] => Image sees 637 / 1964 points
I20260526 21:50:09.483136 139777218568192 incremental_pipeline.cc:439] Registering image #173 (num_reg_frames=68)
I20260526 21:50:09.483162 139777218568192 incremental_pipeline.cc:442] => Image sees 673 / 1958 points
I20260526 21:50:09.681501 139777218568192 incremental_pipeline.cc:439] Registering image #174 (num_reg_frames=69)
I20260526 21:50:09.681529 139777218568192 incremental_pipeline.cc:442] => Image sees 947 / 1802 points
I20260526 21:50:09.847226 139777218568192 incremental_pipeline.cc:439] Registering image #99 (num_reg_frames=70)
I20260526 21:50:09.847255 139777218568192 incremental_pipeline.cc:442] => Image sees 316 / 1962 points
I20260526 21:50:09.983992 139777218568192 incremental_pipeline.cc:439] Registering image #98 (num_reg_frames=71)
I20260526 21:50:09.984028 139777218568192 incremental_pipeline.cc:442] => Image sees 366 / 1846 points
I20260526 21:50:10.336864 139777218568192 incremental_pipeline.cc:43] Retriangulation and Global bundle adjustment
I20260526 21:50:10.992134 139777218568192 incremental_pipeline.cc:439] Registering image #97 (num_reg_frames=72)
I20260526 21:50:10.992168 139777218568192 incremental_pipeline.cc:442] => Image sees 562 / 1904 points
I20260526 21:50:11.133427 139777218568192 incremental_pipeline.cc:439] Registering image #100 (num_reg_frames=73)
I20260526 21:50:11.133453 139777218568192 incremental_pipeline.cc:442] => Image sees 707 / 2090 points
I20260526 21:50:11.363970 139777218568192 incremental_pipeline.cc:439] Registering image #101 (num_reg_frames=74)
I20260526 21:50:11.363999 139777218568192 incremental_pipeline.cc:442] => Image sees 719 / 2339 points
I20260526 21:50:11.612081 139777218568192 incremental_pipeline.cc:439] Registering image #102 (num_reg_frames=75)
I20260526 21:50:11.612103 139777218568192 incremental_pipeline.cc:442] => Image sees 747 / 2456 points
I20260526 21:50:11.794443 139777218568192 incremental_pipeline.cc:439] Registering image #103 (num_reg_frames=76)
I20260526 21:50:11.794482 139777218568192 incremental_pipeline.cc:442] => Image sees 695 / 1954 points
I20260526 21:50:12.070986 139777218568192 incremental_pipeline.cc:439] Registering image #104 (num_reg_frames=77)
I20260526 21:50:12.071014 139777218568192 incremental_pipeline.cc:442] => Image sees 845 / 1648 points
I20260526 21:50:12.287560 139777218568192 incremental_pipeline.cc:439] Registering image #96 (num_reg_frames=78)
I20260526 21:50:12.287584 139777218568192 incremental_pipeline.cc:442] => Image sees 766 / 1931 points
I20260526 21:50:12.544514 139777218568192 incremental_pipeline.cc:439] Registering image #95 (num_reg_frames=79)
I20260526 21:50:12.544540 139777218568192 incremental_pipeline.cc:442] => Image sees 699 / 1736 points
I20260526 21:50:12.709018 139777218568192 incremental_pipeline.cc:43] Retriangulation and Global bundle adjustment
I20260526 21:50:13.537139 139777218568192 incremental_pipeline.cc:439] Registering image #94 (num_reg_frames=80)
I20260526 21:50:13.537176 139777218568192 incremental_pipeline.cc:442] => Image sees 395 / 1635 points
I20260526 21:50:13.689772 139777218568192 incremental_pipeline.cc:439] Registering image #93 (num_reg_frames=81)
I20260526 21:50:13.689801 139777218568192 incremental_pipeline.cc:442] => Image sees 390 / 1703 points
I20260526 21:50:13.842712 139777218568192 incremental_pipeline.cc:439] Registering image #92 (num_reg_frames=82)
I20260526 21:50:13.842739 139777218568192 incremental_pipeline.cc:442] => Image sees 516 / 2011 points
I20260526 21:50:13.982971 139777218568192 incremental_pipeline.cc:439] Registering image #91 (num_reg_frames=83)
I20260526 21:50:13.982998 139777218568192 incremental_pipeline.cc:442] => Image sees 764 / 2023 points
I20260526 21:50:14.191527 139777218568192 incremental_pipeline.cc:439] Registering image #90 (num_reg_frames=84)
I20260526 21:50:14.191560 139777218568192 incremental_pipeline.cc:442] => Image sees 429 / 1411 points
I20260526 21:50:14.366281 139777218568192 incremental_pipeline.cc:439] Registering image #89 (num_reg_frames=85)
I20260526 21:50:14.366309 139777218568192 incremental_pipeline.cc:442] => Image sees 465 / 1259 points
I20260526 21:50:14.544821 139777218568192 incremental_pipeline.cc:439] Registering image #88 (num_reg_frames=86)
I20260526 21:50:14.544848 139777218568192 incremental_pipeline.cc:442] => Image sees 383 / 1166 points
I20260526 21:50:14.685353 139777218568192 incremental_pipeline.cc:439] Registering image #87 (num_reg_frames=87)
I20260526 21:50:14.685381 139777218568192 incremental_pipeline.cc:442] => Image sees 367 / 1049 points
I20260526 21:50:14.827854 139777218568192 incremental_pipeline.cc:43] Retriangulation and Global bundle adjustment
I20260526 21:50:15.671011 139777218568192 incremental_pipeline.cc:439] Registering image #86 (num_reg_frames=88)
I20260526 21:50:15.671048 139777218568192 incremental_pipeline.cc:442] => Image sees 236 / 731 points
I20260526 21:50:15.807223 139777218568192 incremental_pipeline.cc:439] Registering image #85 (num_reg_frames=89)
I20260526 21:50:15.807252 139777218568192 incremental_pipeline.cc:442] => Image sees 206 / 608 points
I20260526 21:50:15.983992 139777218568192 incremental_pipeline.cc:439] Registering image #84 (num_reg_frames=90)
I20260526 21:50:15.984019 139777218568192 incremental_pipeline.cc:442] => Image sees 119 / 611 points
I20260526 21:50:16.043292 139777218568192 incremental_pipeline.cc:439] Registering image #83 (num_reg_frames=91)
I20260526 21:50:16.043311 139777218568192 incremental_pipeline.cc:442] => Image sees 158 / 716 points
I20260526 21:50:16.096831 139777218568192 incremental_pipeline.cc:439] Registering image #82 (num_reg_frames=92)
I20260526 21:50:16.096848 139777218568192 incremental_pipeline.cc:442] => Image sees 172 / 1109 points
I20260526 21:50:16.200170 139777218568192 incremental_pipeline.cc:439] Registering image #81 (num_reg_frames=93)
I20260526 21:50:16.200201 139777218568192 incremental_pipeline.cc:442] => Image sees 213 / 1256 points
I20260526 21:50:16.258381 139777218568192 incremental_pipeline.cc:439] Registering image #80 (num_reg_frames=94)
I20260526 21:50:16.258406 139777218568192 incremental_pipeline.cc:442] => Image sees 279 / 1469 points
I20260526 21:50:16.330592 139777218568192 incremental_pipeline.cc:439] Registering image #79 (num_reg_frames=95)
I20260526 21:50:16.330616 139777218568192 incremental_pipeline.cc:442] => Image sees 356 / 1575 points
I20260526 21:50:16.422768 139777218568192 incremental_pipeline.cc:439] Registering image #75 (num_reg_frames=96)
I20260526 21:50:16.422795 139777218568192 incremental_pipeline.cc:442] => Image sees 312 / 1667 points
I20260526 21:50:16.548251 139777218568192 incremental_pipeline.cc:43] Retriangulation and Global bundle adjustment
I20260526 21:50:17.288525 139777218568192 incremental_pipeline.cc:439] Registering image #76 (num_reg_frames=97)
I20260526 21:50:17.288559 139777218568192 incremental_pipeline.cc:442] => Image sees 324 / 1513 points
I20260526 21:50:17.507055 139777218568192 incremental_pipeline.cc:439] Registering image #78 (num_reg_frames=98)
I20260526 21:50:17.507084 139777218568192 incremental_pipeline.cc:442] => Image sees 512 / 1974 points
I20260526 21:50:17.660769 139777218568192 incremental_pipeline.cc:439] Registering image #77 (num_reg_frames=99)
I20260526 21:50:17.660798 139777218568192 incremental_pipeline.cc:442] => Image sees 695 / 1802 points
I20260526 21:50:17.931590 139777218568192 incremental_pipeline.cc:439] Registering image #11 (num_reg_frames=100)
I20260526 21:50:17.931616 139777218568192 incremental_pipeline.cc:442] => Image sees 468 / 1336 points
I20260526 21:50:18.168626 139777218568192 incremental_pipeline.cc:439] Registering image #74 (num_reg_frames=101)
I20260526 21:50:18.168654 139777218568192 incremental_pipeline.cc:442] => Image sees 293 / 881 points
I20260526 21:50:18.419673 139777218568192 incremental_pipeline.cc:439] Registering image #10 (num_reg_frames=102)
I20260526 21:50:18.419699 139777218568192 incremental_pipeline.cc:442] => Image sees 249 / 723 points
I20260526 21:50:18.525340 139777218568192 incremental_pipeline.cc:439] Registering image #9 (num_reg_frames=103)
I20260526 21:50:18.525366 139777218568192 incremental_pipeline.cc:442] => Image sees 218 / 674 points
I20260526 21:50:18.636083 139777218568192 incremental_pipeline.cc:439] Registering image #73 (num_reg_frames=104)
I20260526 21:50:18.636106 139777218568192 incremental_pipeline.cc:442] => Image sees 201 / 757 points
I20260526 21:50:18.733433 139777218568192 incremental_pipeline.cc:439] Registering image #72 (num_reg_frames=105)
I20260526 21:50:18.733461 139777218568192 incremental_pipeline.cc:442] => Image sees 201 / 1760 points
I20260526 21:50:18.897265 139777218568192 incremental_pipeline.cc:439] Registering image #8 (num_reg_frames=106)
I20260526 21:50:18.897288 139777218568192 incremental_pipeline.cc:442] => Image sees 300 / 1348 points
I20260526 21:50:18.963024 139777218568192 incremental_pipeline.cc:43] Retriangulation and Global bundle adjustment
I20260526 21:50:19.939296 139777218568192 incremental_pipeline.cc:439] Registering image #71 (num_reg_frames=107)
I20260526 21:50:19.939328 139777218568192 incremental_pipeline.cc:442] => Image sees 535 / 1806 points
I20260526 21:50:20.050022 139777218568192 incremental_pipeline.cc:439] Registering image #7 (num_reg_frames=108)
I20260526 21:50:20.050050 139777218568192 incremental_pipeline.cc:442] => Image sees 544 / 1446 points
I20260526 21:50:20.169482 139777218568192 incremental_pipeline.cc:439] Registering image #6 (num_reg_frames=109)
I20260526 21:50:20.169508 139777218568192 incremental_pipeline.cc:442] => Image sees 299 / 1017 points
I20260526 21:50:20.302437 139777218568192 incremental_pipeline.cc:439] Registering image #70 (num_reg_frames=110)
I20260526 21:50:20.302461 139777218568192 incremental_pipeline.cc:442] => Image sees 342 / 1029 points
I20260526 21:50:20.431353 139777218568192 incremental_pipeline.cc:439] Registering image #69 (num_reg_frames=111)
I20260526 21:50:20.431378 139777218568192 incremental_pipeline.cc:442] => Image sees 522 / 1531 points
I20260526 21:50:20.537799 139777218568192 incremental_pipeline.cc:439] Registering image #68 (num_reg_frames=112)
I20260526 21:50:20.537824 139777218568192 incremental_pipeline.cc:442] => Image sees 393 / 1966 points
I20260526 21:50:20.706669 139777218568192 incremental_pipeline.cc:439] Registering image #67 (num_reg_frames=113)
I20260526 21:50:20.706694 139777218568192 incremental_pipeline.cc:442] => Image sees 486 / 1937 points
I20260526 21:50:20.861771 139777218568192 incremental_pipeline.cc:439] Registering image #66 (num_reg_frames=114)
I20260526 21:50:20.861797 139777218568192 incremental_pipeline.cc:442] => Image sees 370 / 1676 points
I20260526 21:50:21.023392 139777218568192 incremental_pipeline.cc:439] Registering image #65 (num_reg_frames=115)
I20260526 21:50:21.023416 139777218568192 incremental_pipeline.cc:442] => Image sees 421 / 1677 points
I20260526 21:50:21.143398 139777218568192 incremental_pipeline.cc:439] Registering image #64 (num_reg_frames=116)
I20260526 21:50:21.143421 139777218568192 incremental_pipeline.cc:442] => Image sees 319 / 950 points
I20260526 21:50:21.256854 139777218568192 incremental_pipeline.cc:439] Registering image #63 (num_reg_frames=117)
I20260526 21:50:21.256877 139777218568192 incremental_pipeline.cc:442] => Image sees 336 / 892 points
I20260526 21:50:21.358654 139777218568192 incremental_pipeline.cc:43] Retriangulation and Global bundle adjustment
I20260526 21:50:22.443184 139777218568192 incremental_pipeline.cc:439] Registering image #5 (num_reg_frames=118)
I20260526 21:50:22.443219 139777218568192 incremental_pipeline.cc:442] => Image sees 274 / 734 points
I20260526 21:50:22.568379 139777218568192 incremental_pipeline.cc:439] Registering image #12 (num_reg_frames=119)
I20260526 21:50:22.568405 139777218568192 incremental_pipeline.cc:442] => Image sees 200 / 480 points
I20260526 21:50:22.664198 139777218568192 incremental_pipeline.cc:439] Registering image #4 (num_reg_frames=120)
I20260526 21:50:22.664222 139777218568192 incremental_pipeline.cc:442] => Image sees 204 / 544 points
I20260526 21:50:22.773614 139777218568192 incremental_pipeline.cc:439] Registering image #3 (num_reg_frames=121)
I20260526 21:50:22.773639 139777218568192 incremental_pipeline.cc:442] => Image sees 128 / 359 points
I20260526 21:50:22.845918 139777218568192 incremental_pipeline.cc:439] Registering image #62 (num_reg_frames=122)
I20260526 21:50:22.845943 139777218568192 incremental_pipeline.cc:442] => Image sees 96 / 604 points
I20260526 21:50:22.929172 139777218568192 incremental_pipeline.cc:439] Registering image #58 (num_reg_frames=123)
I20260526 21:50:22.929201 139777218568192 incremental_pipeline.cc:442] => Image sees 128 / 817 points
I20260526 21:50:22.985632 139777218568192 incremental_pipeline.cc:439] Registering image #61 (num_reg_frames=124)
I20260526 21:50:22.985654 139777218568192 incremental_pipeline.cc:442] => Image sees 128 / 604 points
I20260526 21:50:23.046837 139777218568192 incremental_pipeline.cc:439] Registering image #59 (num_reg_frames=125)
I20260526 21:50:23.046861 139777218568192 incremental_pipeline.cc:442] => Image sees 135 / 834 points
I20260526 21:50:23.122891 139777218568192 incremental_pipeline.cc:439] Registering image #60 (num_reg_frames=126)
I20260526 21:50:23.122916 139777218568192 incremental_pipeline.cc:442] => Image sees 171 / 794 points
I20260526 21:50:23.176239 139777218568192 incremental_pipeline.cc:439] Registering image #57 (num_reg_frames=127)
I20260526 21:50:23.176258 139777218568192 incremental_pipeline.cc:442] => Image sees 143 / 651 points
I20260526 21:50:23.245878 139777218568192 incremental_pipeline.cc:439] Registering image #50 (num_reg_frames=128)
I20260526 21:50:23.245904 139777218568192 incremental_pipeline.cc:442] => Image sees 186 / 1007 points
I20260526 21:50:23.308964 139777218568192 incremental_pipeline.cc:439] Registering image #51 (num_reg_frames=129)
I20260526 21:50:23.308989 139777218568192 incremental_pipeline.cc:442] => Image sees 186 / 928 points
I20260526 21:50:23.373838 139777218568192 incremental_pipeline.cc:43] Retriangulation and Global bundle adjustment
I20260526 21:50:24.288659 139777218568192 incremental_pipeline.cc:439] Registering image #49 (num_reg_frames=130)
I20260526 21:50:24.288691 139777218568192 incremental_pipeline.cc:442] => Image sees 192 / 812 points
I20260526 21:50:24.355893 139777218568192 incremental_pipeline.cc:439] Registering image #52 (num_reg_frames=131)
I20260526 21:50:24.355922 139777218568192 incremental_pipeline.cc:442] => Image sees 240 / 771 points
I20260526 21:50:24.437608 139777218568192 incremental_pipeline.cc:439] Registering image #53 (num_reg_frames=132)
I20260526 21:50:24.437635 139777218568192 incremental_pipeline.cc:442] => Image sees 214 / 719 points
I20260526 21:50:24.499254 139777218568192 incremental_pipeline.cc:439] Registering image #56 (num_reg_frames=133)
I20260526 21:50:24.499280 139777218568192 incremental_pipeline.cc:442] => Image sees 245 / 650 points
I20260526 21:50:24.557023 139777218568192 incremental_pipeline.cc:439] Registering image #48 (num_reg_frames=134)
I20260526 21:50:24.557045 139777218568192 incremental_pipeline.cc:442] => Image sees 209 / 997 points
I20260526 21:50:24.625224 139777218568192 incremental_pipeline.cc:439] Registering image #47 (num_reg_frames=135)
I20260526 21:50:24.625250 139777218568192 incremental_pipeline.cc:442] => Image sees 216 / 981 points
I20260526 21:50:24.683789 139777218568192 incremental_pipeline.cc:439] Registering image #46 (num_reg_frames=136)
I20260526 21:50:24.683815 139777218568192 incremental_pipeline.cc:442] => Image sees 232 / 1077 points
I20260526 21:50:24.788217 139777218568192 incremental_pipeline.cc:439] Registering image #45 (num_reg_frames=137)
I20260526 21:50:24.788240 139777218568192 incremental_pipeline.cc:442] => Image sees 245 / 1231 points
I20260526 21:50:24.935926 139777218568192 incremental_pipeline.cc:439] Registering image #44 (num_reg_frames=138)
I20260526 21:50:24.935952 139777218568192 incremental_pipeline.cc:442] => Image sees 247 / 1400 points
I20260526 21:50:25.011996 139777218568192 incremental_pipeline.cc:439] Registering image #43 (num_reg_frames=139)
I20260526 21:50:25.012022 139777218568192 incremental_pipeline.cc:442] => Image sees 300 / 1199 points
I20260526 21:50:25.082568 139777218568192 incremental_pipeline.cc:439] Registering image #42 (num_reg_frames=140)
I20260526 21:50:25.082590 139777218568192 incremental_pipeline.cc:442] => Image sees 246 / 936 points
I20260526 21:50:25.181674 139777218568192 incremental_pipeline.cc:439] Registering image #54 (num_reg_frames=141)
I20260526 21:50:25.181702 139777218568192 incremental_pipeline.cc:442] => Image sees 190 / 1264 points
I20260526 21:50:25.242835 139777218568192 incremental_pipeline.cc:439] Registering image #55 (num_reg_frames=142)
I20260526 21:50:25.242861 139777218568192 incremental_pipeline.cc:442] => Image sees 280 / 1131 points
I20260526 21:50:25.324154 139777218568192 incremental_pipeline.cc:43] Retriangulation and Global bundle adjustment
I20260526 21:50:26.603537 139777218568192 incremental_pipeline.cc:439] Registering image #41 (num_reg_frames=143)
I20260526 21:50:26.603562 139777218568192 incremental_pipeline.cc:442] => Image sees 185 / 1114 points
I20260526 21:50:26.664964 139777218568192 incremental_pipeline.cc:439] Registering image #40 (num_reg_frames=144)
I20260526 21:50:26.664989 139777218568192 incremental_pipeline.cc:442] => Image sees 190 / 1167 points
I20260526 21:50:26.720103 139777218568192 incremental_pipeline.cc:439] Registering image #39 (num_reg_frames=145)
I20260526 21:50:26.720125 139777218568192 incremental_pipeline.cc:442] => Image sees 230 / 1124 points
I20260526 21:50:26.793024 139777218568192 incremental_pipeline.cc:439] Registering image #38 (num_reg_frames=146)
I20260526 21:50:26.793048 139777218568192 incremental_pipeline.cc:442] => Image sees 240 / 1111 points
I20260526 21:50:26.869661 139777218568192 incremental_pipeline.cc:439] Registering image #37 (num_reg_frames=147)
I20260526 21:50:26.869683 139777218568192 incremental_pipeline.cc:442] => Image sees 298 / 918 points
I20260526 21:50:26.939208 139777218568192 incremental_pipeline.cc:439] Registering image #32 (num_reg_frames=148)
I20260526 21:50:26.939231 139777218568192 incremental_pipeline.cc:442] => Image sees 179 / 1176 points
I20260526 21:50:27.013490 139777218568192 incremental_pipeline.cc:439] Registering image #33 (num_reg_frames=149)
I20260526 21:50:27.013523 139777218568192 incremental_pipeline.cc:442] => Image sees 207 / 1715 points
I20260526 21:50:27.079292 139777218568192 incremental_pipeline.cc:439] Registering image #34 (num_reg_frames=150)
I20260526 21:50:27.079322 139777218568192 incremental_pipeline.cc:442] => Image sees 230 / 1141 points
I20260526 21:50:27.241982 139777218568192 incremental_pipeline.cc:439] Registering image #35 (num_reg_frames=151)
I20260526 21:50:27.242006 139777218568192 incremental_pipeline.cc:442] => Image sees 383 / 1410 points
I20260526 21:50:27.354277 139777218568192 incremental_pipeline.cc:439] Registering image #36 (num_reg_frames=152)
I20260526 21:50:27.354305 139777218568192 incremental_pipeline.cc:442] => Image sees 283 / 821 points
I20260526 21:50:27.451549 139777218568192 incremental_pipeline.cc:439] Registering image #30 (num_reg_frames=153)
I20260526 21:50:27.451576 139777218568192 incremental_pipeline.cc:442] => Image sees 261 / 1226 points
I20260526 21:50:27.601453 139777218568192 incremental_pipeline.cc:439] Registering image #29 (num_reg_frames=154)
I20260526 21:50:27.601473 139777218568192 incremental_pipeline.cc:442] => Image sees 213 / 1424 points
I20260526 21:50:27.701698 139777218568192 incremental_pipeline.cc:439] Registering image #28 (num_reg_frames=155)
I20260526 21:50:27.701726 139777218568192 incremental_pipeline.cc:442] => Image sees 305 / 1452 points
I20260526 21:50:27.817226 139777218568192 incremental_pipeline.cc:439] Registering image #27 (num_reg_frames=156)
I20260526 21:50:27.817252 139777218568192 incremental_pipeline.cc:442] => Image sees 399 / 1245 points
I20260526 21:50:27.906756 139777218568192 incremental_pipeline.cc:439] Registering image #26 (num_reg_frames=157)
I20260526 21:50:27.906782 139777218568192 incremental_pipeline.cc:442] => Image sees 319 / 924 points
I20260526 21:50:28.070314 139777218568192 incremental_pipeline.cc:43] Retriangulation and Global bundle adjustment
I20260526 21:50:29.068511 139777218568192 incremental_pipeline.cc:439] Registering image #25 (num_reg_frames=158)
I20260526 21:50:29.068543 139777218568192 incremental_pipeline.cc:442] => Image sees 182 / 647 points
I20260526 21:50:29.239778 139777218568192 incremental_pipeline.cc:439] Registering image #22 (num_reg_frames=159)
I20260526 21:50:29.239804 139777218568192 incremental_pipeline.cc:442] => Image sees 159 / 1304 points
I20260526 21:50:29.411835 139777218568192 incremental_pipeline.cc:439] Registering image #21 (num_reg_frames=160)
I20260526 21:50:29.411861 139777218568192 incremental_pipeline.cc:442] => Image sees 199 / 937 points
I20260526 21:50:29.570600 139777218568192 incremental_pipeline.cc:439] Registering image #24 (num_reg_frames=161)
I20260526 21:50:29.570623 139777218568192 incremental_pipeline.cc:442] => Image sees 256 / 905 points
I20260526 21:50:29.694196 139777218568192 incremental_pipeline.cc:439] Registering image #23 (num_reg_frames=162)
I20260526 21:50:29.694225 139777218568192 incremental_pipeline.cc:442] => Image sees 343 / 808 points
I20260526 21:50:29.759250 139777218568192 incremental_pipeline.cc:439] Registering image #20 (num_reg_frames=163)
I20260526 21:50:29.759271 139777218568192 incremental_pipeline.cc:442] => Image sees 336 / 817 points
I20260526 21:50:29.834830 139777218568192 incremental_pipeline.cc:439] Registering image #19 (num_reg_frames=164)
I20260526 21:50:29.834851 139777218568192 incremental_pipeline.cc:442] => Image sees 237 / 924 points
I20260526 21:50:29.954366 139777218568192 incremental_pipeline.cc:439] Registering image #18 (num_reg_frames=165)
I20260526 21:50:29.954393 139777218568192 incremental_pipeline.cc:442] => Image sees 194 / 1049 points
I20260526 21:50:30.027677 139777218568192 incremental_pipeline.cc:439] Registering image #17 (num_reg_frames=166)
I20260526 21:50:30.027704 139777218568192 incremental_pipeline.cc:442] => Image sees 333 / 1093 points
I20260526 21:50:30.188975 139777218568192 incremental_pipeline.cc:439] Registering image #16 (num_reg_frames=167)
I20260526 21:50:30.189003 139777218568192 incremental_pipeline.cc:442] => Image sees 169 / 496 points
I20260526 21:50:30.315209 139777218568192 incremental_pipeline.cc:439] Registering image #15 (num_reg_frames=168)
I20260526 21:50:30.315235 139777218568192 incremental_pipeline.cc:442] => Image sees 155 / 410 points
I20260526 21:50:30.376183 139777218568192 incremental_pipeline.cc:439] Registering image #13 (num_reg_frames=169)
I20260526 21:50:30.376210 139777218568192 incremental_pipeline.cc:442] => Image sees 161 / 395 points
I20260526 21:50:30.448650 139777218568192 incremental_pipeline.cc:439] Registering image #31 (num_reg_frames=170)
I20260526 21:50:30.448675 139777218568192 incremental_pipeline.cc:442] => Image sees 126 / 219 points
I20260526 21:50:30.512251 139777218568192 incremental_pipeline.cc:439] Registering image #14 (num_reg_frames=171)
I20260526 21:50:30.512275 139777218568192 incremental_pipeline.cc:442] => Image sees 81 / 212 points
I20260526 21:50:30.540756 139777218568192 incremental_pipeline.cc:439] Registering image #1 (num_reg_frames=172)
I20260526 21:50:30.540776 139777218568192 incremental_pipeline.cc:442] => Image sees 37 / 198 points
I20260526 21:50:30.608226 139777218568192 incremental_pipeline.cc:43] Retriangulation and Global bundle adjustment
I20260526 21:50:33.917205 139777218568192 incremental_pipeline.cc:597] Keeping successful reconstruction
I20260526 21:50:33.968452 139777218568192 incremental_pipeline.cc:245] => Relaxing the initialization constraints.
I20260526 21:50:33.971152 139777218568192 incremental_pipeline.cc:311] Finding good initial image pair
I20260526 21:50:33.972946 139777218568192 incremental_pipeline.cc:315] => No good initial image pair found.
I20260526 21:50:33.972958 139777218568192 incremental_pipeline.cc:559] Discarding reconstruction due to no initial pair
I20260526 21:50:33.973040 139777218568192 incremental_pipeline.cc:254] => Relaxing the initialization constraints.
I20260526 21:50:33.975385 139777218568192 incremental_pipeline.cc:311] Finding good initial image pair
I20260526 21:50:33.976867 139777218568192 incremental_pipeline.cc:315] => No good initial image pair found.
I20260526 21:50:33.976876 139777218568192 incremental_pipeline.cc:559] Discarding reconstruction due to no initial pair
I20260526 21:50:33.976953 139777218568192 incremental_pipeline.cc:245] => Relaxing the initialization constraints.
I20260526 21:50:33.978833 139777218568192 incremental_pipeline.cc:311] Finding good initial image pair
I20260526 21:50:33.980233 139777218568192 incremental_pipeline.cc:315] => No good initial image pair found.
I20260526 21:50:33.980243 139777218568192 incremental_pipeline.cc:559] Discarding reconstruction due to no initial pair
I20260526 21:50:33.980322 139777218568192 incremental_pipeline.cc:254] => Relaxing the initialization constraints.
I20260526 21:50:33.981837 139777218568192 incremental_pipeline.cc:311] Finding good initial image pair
I20260526 21:50:33.983195 139777218568192 incremental_pipeline.cc:315] => No good initial image pair found.
I20260526 21:50:33.983209 139777218568192 incremental_pipeline.cc:559] Discarding reconstruction due to no initial pair
I20260526 21:50:33.983285 139777218568192 timer.cc:90] Elapsed time: 0.720 [minutes]
[INFO] COLMAP component 0: 173 registered images, points3D.bin 2755310 bytes
[INFO] Selected COLMAP component 0 for undistortion
[RUN] colmap image_undistorter --image_path out/colmap/input --input_path out/colmap/distorted/sparse/0 --output_path out/colmap --output_type COLMAP
I20260526 21:50:34.019992 140712262938624 misc.cc:44] 
==============================================================================
Reading reconstruction
==============================================================================
I20260526 21:50:34.106015 140712262938624 image.cc:374] => Reconstruction with 173 images and 30514 points
I20260526 21:50:34.106051 140712262938624 misc.cc:44] 
==============================================================================
Image undistortion
==============================================================================
I20260526 21:50:34.108049 140712262938624 undistortion.cc:197] Undistorting image [1/173]
I20260526 21:50:34.273217 140712262938624 undistortion.cc:197] Undistorting image [2/173]
I20260526 21:50:34.415047 140712262938624 undistortion.cc:197] Undistorting image [3/173]
I20260526 21:50:34.415081 140712262938624 undistortion.cc:197] Undistorting image [4/173]
I20260526 21:50:34.415086 140712262938624 undistortion.cc:197] Undistorting image [5/173]
I20260526 21:50:34.415091 140712262938624 undistortion.cc:197] Undistorting image [6/173]
I20260526 21:50:34.415095 140712262938624 undistortion.cc:197] Undistorting image [7/173]
I20260526 21:50:34.415099 140712262938624 undistortion.cc:197] Undistorting image [8/173]
I20260526 21:50:34.415103 140712262938624 undistortion.cc:197] Undistorting image [9/173]
I20260526 21:50:34.415111 140712262938624 undistortion.cc:197] Undistorting image [10/173]
I20260526 21:50:34.415116 140712262938624 undistortion.cc:197] Undistorting image [11/173]
I20260526 21:50:34.415120 140712262938624 undistortion.cc:197] Undistorting image [12/173]
I20260526 21:50:34.415124 140712262938624 undistortion.cc:197] Undistorting image [13/173]
I20260526 21:50:34.415129 140712262938624 undistortion.cc:197] Undistorting image [14/173]
I20260526 21:50:34.415133 140712262938624 undistortion.cc:197] Undistorting image [15/173]
I20260526 21:50:34.415138 140712262938624 undistortion.cc:197] Undistorting image [16/173]
I20260526 21:50:34.415142 140712262938624 undistortion.cc:197] Undistorting image [17/173]
I20260526 21:50:34.415147 140712262938624 undistortion.cc:197] Undistorting image [18/173]
I20260526 21:50:34.415151 140712262938624 undistortion.cc:197] Undistorting image [19/173]
I20260526 21:50:34.415155 140712262938624 undistortion.cc:197] Undistorting image [20/173]
I20260526 21:50:34.511883 140712262938624 undistortion.cc:197] Undistorting image [21/173]
I20260526 21:50:34.511920 140712262938624 undistortion.cc:197] Undistorting image [22/173]
I20260526 21:50:34.511926 140712262938624 undistortion.cc:197] Undistorting image [23/173]
I20260526 21:50:34.511931 140712262938624 undistortion.cc:197] Undistorting image [24/173]
I20260526 21:50:34.511936 140712262938624 undistortion.cc:197] Undistorting image [25/173]
I20260526 21:50:34.511941 140712262938624 undistortion.cc:197] Undistorting image [26/173]
I20260526 21:50:34.511945 140712262938624 undistortion.cc:197] Undistorting image [27/173]
I20260526 21:50:34.511950 140712262938624 undistortion.cc:197] Undistorting image [28/173]
I20260526 21:50:34.511954 140712262938624 undistortion.cc:197] Undistorting image [29/173]
I20260526 21:50:34.511958 140712262938624 undistortion.cc:197] Undistorting image [30/173]
I20260526 21:50:34.511968 140712262938624 undistortion.cc:197] Undistorting image [31/173]
I20260526 21:50:34.511972 140712262938624 undistortion.cc:197] Undistorting image [32/173]
I20260526 21:50:34.511976 140712262938624 undistortion.cc:197] Undistorting image [33/173]
I20260526 21:50:34.516327 140712262938624 undistortion.cc:197] Undistorting image [34/173]
I20260526 21:50:34.532401 140712262938624 undistortion.cc:197] Undistorting image [35/173]
I20260526 21:50:34.532416 140712262938624 undistortion.cc:197] Undistorting image [36/173]
I20260526 21:50:34.532421 140712262938624 undistortion.cc:197] Undistorting image [37/173]
I20260526 21:50:34.532425 140712262938624 undistortion.cc:197] Undistorting image [38/173]
I20260526 21:50:34.533411 140712262938624 undistortion.cc:197] Undistorting image [39/173]
I20260526 21:50:34.561736 140712262938624 undistortion.cc:197] Undistorting image [40/173]
I20260526 21:50:34.561757 140712262938624 undistortion.cc:197] Undistorting image [41/173]
I20260526 21:50:34.561762 140712262938624 undistortion.cc:197] Undistorting image [42/173]
I20260526 21:50:34.561767 140712262938624 undistortion.cc:197] Undistorting image [43/173]
I20260526 21:50:34.571420 140712262938624 undistortion.cc:197] Undistorting image [44/173]
I20260526 21:50:34.571433 140712262938624 undistortion.cc:197] Undistorting image [45/173]
I20260526 21:50:34.572662 140712262938624 undistortion.cc:197] Undistorting image [46/173]
I20260526 21:50:34.633279 140712262938624 undistortion.cc:197] Undistorting image [47/173]
I20260526 21:50:34.695363 140712262938624 undistortion.cc:197] Undistorting image [48/173]
I20260526 21:50:34.744546 140712262938624 undistortion.cc:197] Undistorting image [49/173]
I20260526 21:50:34.744571 140712262938624 undistortion.cc:197] Undistorting image [50/173]
I20260526 21:50:34.744576 140712262938624 undistortion.cc:197] Undistorting image [51/173]
I20260526 21:50:34.744580 140712262938624 undistortion.cc:197] Undistorting image [52/173]
I20260526 21:50:34.744585 140712262938624 undistortion.cc:197] Undistorting image [53/173]
I20260526 21:50:34.744589 140712262938624 undistortion.cc:197] Undistorting image [54/173]
I20260526 21:50:34.744593 140712262938624 undistortion.cc:197] Undistorting image [55/173]
I20260526 21:50:34.744597 140712262938624 undistortion.cc:197] Undistorting image [56/173]
I20260526 21:50:34.744602 140712262938624 undistortion.cc:197] Undistorting image [57/173]
I20260526 21:50:34.744607 140712262938624 undistortion.cc:197] Undistorting image [58/173]
I20260526 21:50:34.744611 140712262938624 undistortion.cc:197] Undistorting image [59/173]
I20260526 21:50:34.786075 140712262938624 undistortion.cc:197] Undistorting image [60/173]
I20260526 21:50:34.786099 140712262938624 undistortion.cc:197] Undistorting image [61/173]
I20260526 21:50:34.786105 140712262938624 undistortion.cc:197] Undistorting image [62/173]
I20260526 21:50:34.786109 140712262938624 undistortion.cc:197] Undistorting image [63/173]
I20260526 21:50:34.814963 140712262938624 undistortion.cc:197] Undistorting image [64/173]
I20260526 21:50:34.814984 140712262938624 undistortion.cc:197] Undistorting image [65/173]
I20260526 21:50:34.816353 140712262938624 undistortion.cc:197] Undistorting image [66/173]
I20260526 21:50:34.816367 140712262938624 undistortion.cc:197] Undistorting image [67/173]
I20260526 21:50:34.873104 140712262938624 undistortion.cc:197] Undistorting image [68/173]
I20260526 21:50:34.898208 140712262938624 undistortion.cc:197] Undistorting image [69/173]
I20260526 21:50:34.898227 140712262938624 undistortion.cc:197] Undistorting image [70/173]
I20260526 21:50:34.898232 140712262938624 undistortion.cc:197] Undistorting image [71/173]
I20260526 21:50:35.020835 140712262938624 undistortion.cc:197] Undistorting image [72/173]
I20260526 21:50:35.020865 140712262938624 undistortion.cc:197] Undistorting image [73/173]
I20260526 21:50:35.020871 140712262938624 undistortion.cc:197] Undistorting image [74/173]
I20260526 21:50:35.020876 140712262938624 undistortion.cc:197] Undistorting image [75/173]
I20260526 21:50:35.020888 140712262938624 undistortion.cc:197] Undistorting image [76/173]
I20260526 21:50:35.020892 140712262938624 undistortion.cc:197] Undistorting image [77/173]
I20260526 21:50:35.020897 140712262938624 undistortion.cc:197] Undistorting image [78/173]
I20260526 21:50:35.020901 140712262938624 undistortion.cc:197] Undistorting image [79/173]
I20260526 21:50:35.020905 140712262938624 undistortion.cc:197] Undistorting image [80/173]
I20260526 21:50:35.020909 140712262938624 undistortion.cc:197] Undistorting image [81/173]
I20260526 21:50:35.020914 140712262938624 undistortion.cc:197] Undistorting image [82/173]
I20260526 21:50:35.020918 140712262938624 undistortion.cc:197] Undistorting image [83/173]
I20260526 21:50:35.020922 140712262938624 undistortion.cc:197] Undistorting image [84/173]
I20260526 21:50:35.020926 140712262938624 undistortion.cc:197] Undistorting image [85/173]
I20260526 21:50:35.049254 140712262938624 undistortion.cc:197] Undistorting image [86/173]
I20260526 21:50:35.049276 140712262938624 undistortion.cc:197] Undistorting image [87/173]
I20260526 21:50:35.049282 140712262938624 undistortion.cc:197] Undistorting image [88/173]
I20260526 21:50:35.049286 140712262938624 undistortion.cc:197] Undistorting image [89/173]
I20260526 21:50:35.049292 140712262938624 undistortion.cc:197] Undistorting image [90/173]
I20260526 21:50:35.049296 140712262938624 undistortion.cc:197] Undistorting image [91/173]
I20260526 21:50:35.094398 140712262938624 undistortion.cc:197] Undistorting image [92/173]
I20260526 21:50:35.094428 140712262938624 undistortion.cc:197] Undistorting image [93/173]
I20260526 21:50:35.094433 140712262938624 undistortion.cc:197] Undistorting image [94/173]
I20260526 21:50:35.107506 140712262938624 undistortion.cc:197] Undistorting image [95/173]
I20260526 21:50:35.107523 140712262938624 undistortion.cc:197] Undistorting image [96/173]
I20260526 21:50:35.107528 140712262938624 undistortion.cc:197] Undistorting image [97/173]
I20260526 21:50:35.117450 140712262938624 undistortion.cc:197] Undistorting image [98/173]
I20260526 21:50:35.117465 140712262938624 undistortion.cc:197] Undistorting image [99/173]
I20260526 21:50:35.128141 140712262938624 undistortion.cc:197] Undistorting image [100/173]
I20260526 21:50:35.204513 140712262938624 undistortion.cc:197] Undistorting image [101/173]
I20260526 21:50:35.204540 140712262938624 undistortion.cc:197] Undistorting image [102/173]
I20260526 21:50:35.204546 140712262938624 undistortion.cc:197] Undistorting image [103/173]
I20260526 21:50:35.204551 140712262938624 undistortion.cc:197] Undistorting image [104/173]
I20260526 21:50:35.204556 140712262938624 undistortion.cc:197] Undistorting image [105/173]
I20260526 21:50:35.318143 140712262938624 undistortion.cc:197] Undistorting image [106/173]
I20260526 21:50:35.318174 140712262938624 undistortion.cc:197] Undistorting image [107/173]
I20260526 21:50:35.318179 140712262938624 undistortion.cc:197] Undistorting image [108/173]
I20260526 21:50:35.345373 140712262938624 undistortion.cc:197] Undistorting image [109/173]
I20260526 21:50:35.345396 140712262938624 undistortion.cc:197] Undistorting image [110/173]
I20260526 21:50:35.345402 140712262938624 undistortion.cc:197] Undistorting image [111/173]
I20260526 21:50:35.345407 140712262938624 undistortion.cc:197] Undistorting image [112/173]
I20260526 21:50:35.345411 140712262938624 undistortion.cc:197] Undistorting image [113/173]
I20260526 21:50:35.345416 140712262938624 undistortion.cc:197] Undistorting image [114/173]
I20260526 21:50:35.345420 140712262938624 undistortion.cc:197] Undistorting image [115/173]
I20260526 21:50:35.345425 140712262938624 undistortion.cc:197] Undistorting image [116/173]
I20260526 21:50:35.346101 140712262938624 undistortion.cc:197] Undistorting image [117/173]
I20260526 21:50:35.346114 140712262938624 undistortion.cc:197] Undistorting image [118/173]
I20260526 21:50:35.346119 140712262938624 undistortion.cc:197] Undistorting image [119/173]
I20260526 21:50:35.346123 140712262938624 undistortion.cc:197] Undistorting image [120/173]
I20260526 21:50:35.346130 140712262938624 undistortion.cc:197] Undistorting image [121/173]
I20260526 21:50:35.346135 140712262938624 undistortion.cc:197] Undistorting image [122/173]
I20260526 21:50:35.346139 140712262938624 undistortion.cc:197] Undistorting image [123/173]
I20260526 21:50:35.346144 140712262938624 undistortion.cc:197] Undistorting image [124/173]
I20260526 21:50:35.346148 140712262938624 undistortion.cc:197] Undistorting image [125/173]
I20260526 21:50:35.380294 140712262938624 undistortion.cc:197] Undistorting image [126/173]
I20260526 21:50:35.400094 140712262938624 undistortion.cc:197] Undistorting image [127/173]
I20260526 21:50:35.400109 140712262938624 undistortion.cc:197] Undistorting image [128/173]
I20260526 21:50:35.471596 140712262938624 undistortion.cc:197] Undistorting image [129/173]
I20260526 21:50:35.495216 140712262938624 undistortion.cc:197] Undistorting image [130/173]
I20260526 21:50:35.495248 140712262938624 undistortion.cc:197] Undistorting image [131/173]
I20260526 21:50:35.507243 140712262938624 undistortion.cc:197] Undistorting image [132/173]
I20260526 21:50:35.507260 140712262938624 undistortion.cc:197] Undistorting image [133/173]
I20260526 21:50:35.507266 140712262938624 undistortion.cc:197] Undistorting image [134/173]
I20260526 21:50:35.507271 140712262938624 undistortion.cc:197] Undistorting image [135/173]
I20260526 21:50:35.582214 140712262938624 undistortion.cc:197] Undistorting image [136/173]
I20260526 21:50:35.582249 140712262938624 undistortion.cc:197] Undistorting image [137/173]
I20260526 21:50:35.582255 140712262938624 undistortion.cc:197] Undistorting image [138/173]
I20260526 21:50:35.582260 140712262938624 undistortion.cc:197] Undistorting image [139/173]
I20260526 21:50:35.582264 140712262938624 undistortion.cc:197] Undistorting image [140/173]
I20260526 21:50:35.582269 140712262938624 undistortion.cc:197] Undistorting image [141/173]
I20260526 21:50:35.582274 140712262938624 undistortion.cc:197] Undistorting image [142/173]
I20260526 21:50:35.582279 140712262938624 undistortion.cc:197] Undistorting image [143/173]
I20260526 21:50:35.582283 140712262938624 undistortion.cc:197] Undistorting image [144/173]
I20260526 21:50:35.582288 140712262938624 undistortion.cc:197] Undistorting image [145/173]
I20260526 21:50:35.582292 140712262938624 undistortion.cc:197] Undistorting image [146/173]
I20260526 21:50:35.582298 140712262938624 undistortion.cc:197] Undistorting image [147/173]
I20260526 21:50:35.599116 140712262938624 undistortion.cc:197] Undistorting image [148/173]
I20260526 21:50:35.627209 140712262938624 undistortion.cc:197] Undistorting image [149/173]
I20260526 21:50:35.627232 140712262938624 undistortion.cc:197] Undistorting image [150/173]
I20260526 21:50:35.706896 140712262938624 undistortion.cc:197] Undistorting image [151/173]
I20260526 21:50:35.706928 140712262938624 undistortion.cc:197] Undistorting image [152/173]
I20260526 21:50:35.706935 140712262938624 undistortion.cc:197] Undistorting image [153/173]
I20260526 21:50:35.706941 140712262938624 undistortion.cc:197] Undistorting image [154/173]
I20260526 21:50:35.706946 140712262938624 undistortion.cc:197] Undistorting image [155/173]
I20260526 21:50:35.735212 140712262938624 undistortion.cc:197] Undistorting image [156/173]
I20260526 21:50:35.735275 140712262938624 undistortion.cc:197] Undistorting image [157/173]
I20260526 21:50:35.735319 140712262938624 undistortion.cc:197] Undistorting image [158/173]
I20260526 21:50:35.744692 140712262938624 undistortion.cc:197] Undistorting image [159/173]
I20260526 21:50:35.745707 140712262938624 undistortion.cc:197] Undistorting image [160/173]
I20260526 21:50:35.745717 140712262938624 undistortion.cc:197] Undistorting image [161/173]
I20260526 21:50:35.745722 140712262938624 undistortion.cc:197] Undistorting image [162/173]
I20260526 21:50:35.757648 140712262938624 undistortion.cc:197] Undistorting image [163/173]
I20260526 21:50:35.757657 140712262938624 undistortion.cc:197] Undistorting image [164/173]
I20260526 21:50:35.757667 140712262938624 undistortion.cc:197] Undistorting image [165/173]
I20260526 21:50:35.757671 140712262938624 undistortion.cc:197] Undistorting image [166/173]
I20260526 21:50:35.771381 140712262938624 undistortion.cc:197] Undistorting image [167/173]
I20260526 21:50:35.772384 140712262938624 undistortion.cc:197] Undistorting image [168/173]
I20260526 21:50:35.780185 140712262938624 undistortion.cc:197] Undistorting image [169/173]
I20260526 21:50:35.807239 140712262938624 undistortion.cc:197] Undistorting image [170/173]
I20260526 21:50:35.807256 140712262938624 undistortion.cc:197] Undistorting image [171/173]
I20260526 21:50:35.813649 140712262938624 undistortion.cc:197] Undistorting image [172/173]
I20260526 21:50:35.820301 140712262938624 undistortion.cc:197] Undistorting image [173/173]
I20260526 21:50:35.820313 140712262938624 undistortion.cc:207] Writing reconstruction...
I20260526 21:50:35.975188 140712262938624 undistortion.cc:212] Writing configuration...
I20260526 21:50:35.975269 140712262938624 undistortion.cc:216] Writing scripts...
I20260526 21:50:35.975316 140712262938624 timer.cc:90] Elapsed time: 0.031 [minutes]
[DONE] Wrote COLMAP/3DGS dataset to out/colmap
[INFO] Train with: python scripts/run_3dgs.py --config configs/gaussian_pipeline.json --source out/colmap --model out/3dgs --iterations 7000
[INFO] Downstream mask dir: out/masks
[3/7] 3DGS
[INFO] Trainer at /workspace/third_party/speedy-splat does not support --disable_viewer; skipping it
[INFO] Trainer at /workspace/third_party/speedy-splat does not support --antialiasing; skipping it
[INFO] 3DGS image data device: cuda
[RUN] /opt/venv/bin/python train.py -s /workspace/out/colmap -m /workspace/out/3dgs -r 2 --data_device cuda --iterations 30000 --save_iterations 30000 --test_iterations -1 --densify_until_iter 15000 --densify_grad_threshold 0.00035 --opacity_reset_interval 1500
Optimizing /workspace/out/3dgs
Output folder: /workspace/out/3dgs [26/05 21:50:40]
Tensorboard not available: not logging progress [26/05 21:50:40]
Reading camera 1/173
Reading camera 2/173
Reading camera 3/173
Reading camera 4/173
Reading camera 5/173
Reading camera 6/173
Reading camera 7/173
Reading camera 8/173
Reading camera 9/173
Reading camera 10/173
Reading camera 11/173
Reading camera 12/173
Reading camera 13/173
Reading camera 14/173
Reading camera 15/173
Reading camera 16/173
Reading camera 17/173
Reading camera 18/173
Reading camera 19/173
Reading camera 20/173
Reading camera 21/173
Reading camera 22/173
Reading camera 23/173
Reading camera 24/173
Reading camera 25/173
Reading camera 26/173
Reading camera 27/173
Reading camera 28/173
Reading camera 29/173
Reading camera 30/173
Reading camera 31/173
Reading camera 32/173
Reading camera 33/173
Reading camera 34/173
Reading camera 35/173
Reading camera 36/173
Reading camera 37/173
Reading camera 38/173
Reading camera 39/173
Reading camera 40/173
Reading camera 41/173
Reading camera 42/173
Reading camera 43/173
Reading camera 44/173
Reading camera 45/173
Reading camera 46/173
Reading camera 47/173
Reading camera 48/173
Reading camera 49/173
Reading camera 50/173
Reading camera 51/173
Reading camera 52/173
Reading camera 53/173
Reading camera 54/173
Reading camera 55/173
Reading camera 56/173
Reading camera 57/173
Reading camera 58/173
Reading camera 59/173
Reading camera 60/173
Reading camera 61/173
Reading camera 62/173
Reading camera 63/173
Reading camera 64/173
Reading camera 65/173
Reading camera 66/173
Reading camera 67/173
Reading camera 68/173
Reading camera 69/173
Reading camera 70/173
Reading camera 71/173
Reading camera 72/173
Reading camera 73/173
Reading camera 74/173
Reading camera 75/173
Reading camera 76/173
Reading camera 77/173
Reading camera 78/173
Reading camera 79/173
Reading camera 80/173
Reading camera 81/173
Reading camera 82/173
Reading camera 83/173
Reading camera 84/173
Reading camera 85/173
Reading camera 86/173
Reading camera 87/173
Reading camera 88/173
Reading camera 89/173
Reading camera 90/173
Reading camera 91/173
Reading camera 92/173
Reading camera 93/173
Reading camera 94/173
Reading camera 95/173
Reading camera 96/173
Reading camera 97/173
Reading camera 98/173
Reading camera 99/173
Reading camera 100/173
Reading camera 101/173
Reading camera 102/173
Reading camera 103/173
Reading camera 104/173
Reading camera 105/173
Reading camera 106/173
Reading camera 107/173
Reading camera 108/173
Reading camera 109/173
Reading camera 110/173
Reading camera 111/173
Reading camera 112/173
Reading camera 113/173
Reading camera 114/173
Reading camera 115/173
Reading camera 116/173
Reading camera 117/173
Reading camera 118/173
Reading camera 119/173
Reading camera 120/173
Reading camera 121/173
Reading camera 122/173
Reading camera 123/173
Reading camera 124/173
Reading camera 125/173
Reading camera 126/173
Reading camera 127/173
Reading camera 128/173
Reading camera 129/173
Reading camera 130/173
Reading camera 131/173
Reading camera 132/173
Reading camera 133/173
Reading camera 134/173
Reading camera 135/173
Reading camera 136/173
Reading camera 137/173
Reading camera 138/173
Reading camera 139/173
Reading camera 140/173
Reading camera 141/173
Reading camera 142/173
Reading camera 143/173
Reading camera 144/173
Reading camera 145/173
Reading camera 146/173
Reading camera 147/173
Reading camera 148/173
Reading camera 149/173
Reading camera 150/173
Reading camera 151/173
Reading camera 152/173
Reading camera 153/173
Reading camera 154/173
Reading camera 155/173
Reading camera 156/173
Reading camera 157/173
Reading camera 158/173
Reading camera 159/173
Reading camera 160/173
Reading camera 161/173
Reading camera 162/173
Reading camera 163/173
Reading camera 164/173
Reading camera 165/173
Reading camera 166/173
Reading camera 167/173
Reading camera 168/173
Reading camera 169/173
Reading camera 170/173
Reading camera 171/173
Reading camera 172/173
Reading camera 173/173 [26/05 21:50:40]
Converting point3d.bin to .ply, will happen only the first time you open the scene. [26/05 21:50:40]
Loading Training Cameras [26/05 21:50:40]
Loading Test Cameras [26/05 21:50:43]
Number of points at initialisation :  30514 [26/05 21:50:43]
[INFO] Training 3DGS 0/30000 (0.0%)
[INFO] Training 3DGS 1500/30000 (5.0%)
[INFO] Training 3DGS 3000/30000 (10.0%)
[INFO] Training 3DGS 4500/30000 (15.0%)
[INFO] Training 3DGS 6000/30000 (20.0%)
Computing Pruning Scores:   0%|          | 0/173 [00:00<?, ?it/s][A
Computing Pruning Scores:   9%|▊         | 15/173 [00:00<00:01, 147.13it/s][A
Computing Pruning Scores:  17%|█▋        | 30/173 [00:00<00:01, 142.78it/s][A
Computing Pruning Scores:  26%|██▌       | 45/173 [00:00<00:00, 141.64it/s][A
Computing Pruning Scores:  35%|███▍      | 60/173 [00:00<00:00, 140.92it/s][A
Computing Pruning Scores:  43%|████▎     | 75/173 [00:00<00:00, 140.57it/s][A
Computing Pruning Scores:  52%|█████▏    | 90/173 [00:00<00:00, 140.52it/s][A
Computing Pruning Scores:  61%|██████    | 105/173 [00:00<00:00, 140.60it/s][A
Computing Pruning Scores:  69%|██████▉   | 120/173 [00:00<00:00, 140.80it/s][A
Computing Pruning Scores:  78%|███████▊  | 135/173 [00:00<00:00, 140.64it/s][A
Computing Pruning Scores:  87%|████████▋ | 150/173 [00:01<00:00, 140.70it/s][A
Computing Pruning Scores:  95%|█████████▌| 165/173 [00:01<00:00, 140.77it/s][A
Computing Pruning Scores: 100%|██████████| 173/173 [00:01<00:00, 140.99it/s]
[INFO] Training 3DGS 7500/30000 (25.0%)
Computing Pruning Scores:   0%|          | 0/173 [00:00<?, ?it/s][A
Computing Pruning Scores:  10%|█         | 18/173 [00:00<00:00, 172.11it/s][A
Computing Pruning Scores:  21%|██        | 36/173 [00:00<00:00, 166.24it/s][A
Computing Pruning Scores:  31%|███       | 53/173 [00:00<00:00, 165.98it/s][A
Computing Pruning Scores:  40%|████      | 70/173 [00:00<00:00, 165.48it/s][A
Computing Pruning Scores:  50%|█████     | 87/173 [00:00<00:00, 162.81it/s][A
Computing Pruning Scores:  60%|██████    | 104/173 [00:00<00:00, 163.96it/s][A
Computing Pruning Scores:  70%|██████▉   | 121/173 [00:00<00:00, 165.25it/s][A
Computing Pruning Scores:  80%|███████▉  | 138/173 [00:00<00:00, 165.67it/s][A
Computing Pruning Scores:  90%|████████▉ | 155/173 [00:00<00:00, 165.49it/s][A
Computing Pruning Scores:  99%|█████████▉| 172/173 [00:01<00:00, 165.71it/s][A
Computing Pruning Scores: 100%|██████████| 173/173 [00:01<00:00, 165.46it/s]
[INFO] Training 3DGS 9000/30000 (30.0%)
[INFO] Training 3DGS 10500/30000 (35.0%)
Computing Pruning Scores:   0%|          | 0/173 [00:00<?, ?it/s][A
Computing Pruning Scores:  11%|█         | 19/173 [00:00<00:00, 188.74it/s][A
Computing Pruning Scores:  22%|██▏       | 38/173 [00:00<00:00, 185.14it/s][A
Computing Pruning Scores:  33%|███▎      | 57/173 [00:00<00:00, 181.96it/s][A
Computing Pruning Scores:  44%|████▍     | 76/173 [00:00<00:00, 182.42it/s][A
Computing Pruning Scores:  55%|█████▍    | 95/173 [00:00<00:00, 184.44it/s][A
Computing Pruning Scores:  66%|██████▌   | 114/173 [00:00<00:00, 183.40it/s][A
Computing Pruning Scores:  77%|███████▋  | 133/173 [00:00<00:00, 183.97it/s][A
Computing Pruning Scores:  88%|████████▊ | 152/173 [00:00<00:00, 183.38it/s][A
Computing Pruning Scores:  99%|█████████▉| 171/173 [00:00<00:00, 182.59it/s][A
Computing Pruning Scores: 100%|██████████| 173/173 [00:00<00:00, 183.26it/s]
[INFO] Training 3DGS 12000/30000 (40.0%)
[INFO] Training 3DGS 13500/30000 (45.0%)
Computing Pruning Scores:   0%|          | 0/173 [00:00<?, ?it/s][A
Computing Pruning Scores:  12%|█▏        | 20/173 [00:00<00:00, 196.44it/s][A
Computing Pruning Scores:  23%|██▎       | 40/173 [00:00<00:00, 192.89it/s][A
Computing Pruning Scores:  35%|███▍      | 60/173 [00:00<00:00, 188.43it/s][A
Computing Pruning Scores:  46%|████▌     | 80/173 [00:00<00:00, 190.42it/s][A
Computing Pruning Scores:  58%|█████▊    | 100/173 [00:00<00:00, 192.53it/s][A
Computing Pruning Scores:  69%|██████▉   | 120/173 [00:00<00:00, 192.37it/s][A
Computing Pruning Scores:  81%|████████  | 140/173 [00:00<00:00, 192.05it/s][A
Computing Pruning Scores:  92%|█████████▏| 160/173 [00:00<00:00, 185.83it/s][A
Computing Pruning Scores: 100%|██████████| 173/173 [00:00<00:00, 188.80it/s]
[INFO] Training 3DGS 15000/30000 (50.0%)
[INFO] Training 3DGS 16500/30000 (55.0%)
Computing Pruning Scores:   0%|          | 0/173 [00:00<?, ?it/s][A
Computing Pruning Scores:  13%|█▎        | 23/173 [00:00<00:00, 222.80it/s][A
Computing Pruning Scores:  27%|██▋       | 46/173 [00:00<00:00, 214.14it/s][A
Computing Pruning Scores:  39%|███▉      | 68/173 [00:00<00:00, 211.13it/s][A
Computing Pruning Scores:  52%|█████▏    | 90/173 [00:00<00:00, 211.75it/s][A
Computing Pruning Scores:  65%|██████▍   | 112/173 [00:00<00:00, 212.58it/s][A
Computing Pruning Scores:  77%|███████▋  | 134/173 [00:00<00:00, 212.47it/s][A
Computing Pruning Scores:  90%|█████████ | 156/173 [00:00<00:00, 211.41it/s][A
Computing Pruning Scores: 100%|██████████| 173/173 [00:00<00:00, 212.66it/s]
[INFO] Training 3DGS 18000/30000 (60.0%)
[INFO] Training 3DGS 19500/30000 (65.0%)
Computing Pruning Scores:   0%|          | 0/173 [00:00<?, ?it/s][A
Computing Pruning Scores:  14%|█▍        | 24/173 [00:00<00:00, 235.97it/s][A
Computing Pruning Scores:  28%|██▊       | 48/173 [00:00<00:00, 230.55it/s][A
Computing Pruning Scores:  42%|████▏     | 72/173 [00:00<00:00, 228.23it/s][A
Computing Pruning Scores:  55%|█████▌    | 96/173 [00:00<00:00, 229.02it/s][A
Computing Pruning Scores:  69%|██████▉   | 120/173 [00:00<00:00, 229.58it/s][A
Computing Pruning Scores:  83%|████████▎ | 143/173 [00:00<00:00, 228.16it/s][A
Computing Pruning Scores:  97%|█████████▋| 167/173 [00:00<00:00, 228.93it/s][A
Computing Pruning Scores: 100%|██████████| 173/173 [00:00<00:00, 229.35it/s]
[INFO] Training 3DGS 21000/30000 (70.0%)
[INFO] Training 3DGS 22500/30000 (75.0%)
Computing Pruning Scores:   0%|          | 0/173 [00:00<?, ?it/s][A
Computing Pruning Scores:  14%|█▍        | 25/173 [00:00<00:00, 248.51it/s][A
Computing Pruning Scores:  29%|██▉       | 50/173 [00:00<00:00, 243.27it/s][A
Computing Pruning Scores:  43%|████▎     | 75/173 [00:00<00:00, 239.74it/s][A
Computing Pruning Scores:  58%|█████▊    | 100/173 [00:00<00:00, 240.37it/s][A
Computing Pruning Scores:  72%|███████▏  | 125/173 [00:00<00:00, 241.21it/s][A
Computing Pruning Scores:  87%|████████▋ | 150/173 [00:00<00:00, 241.38it/s][A
Computing Pruning Scores: 100%|██████████| 173/173 [00:00<00:00, 241.71it/s]
[INFO] Training 3DGS 24000/30000 (80.0%)
[INFO] Training 3DGS 25500/30000 (85.0%)
Computing Pruning Scores:   0%|          | 0/173 [00:00<?, ?it/s][A
Computing Pruning Scores:  16%|█▌        | 27/173 [00:00<00:00, 263.19it/s][A
Computing Pruning Scores:  31%|███       | 54/173 [00:00<00:00, 259.19it/s][A
Computing Pruning Scores:  46%|████▌     | 80/173 [00:00<00:00, 258.03it/s][A
Computing Pruning Scores:  61%|██████▏   | 106/173 [00:00<00:00, 258.21it/s][A
Computing Pruning Scores:  76%|███████▋  | 132/173 [00:00<00:00, 256.82it/s][A
Computing Pruning Scores:  91%|█████████▏| 158/173 [00:00<00:00, 257.73it/s][A
Computing Pruning Scores: 100%|██████████| 173/173 [00:00<00:00, 258.18it/s]
[INFO] Training 3DGS 27000/30000 (90.0%)
[INFO] Training 3DGS 28500/30000 (95.0%)
[INFO] Training 3DGS 30000/30000 (100.0%)
[ITER 30000] Saving Gaussians [26/05 21:54:28]
Training complete. [26/05 21:54:28]
[4/7] Voting SAM evidence onto Gaussians
{
  "num_gaussians": 16479,
  "num_selected": 4599,
  "num_selected_raw": 4806,
  "selected_fraction": 0.2790824685963954,
  "score_threshold": 0.439453125,
  "prompt_score_thresholds": {
    "orange fruit": 0.439453125
  },
  "used_frames": 57,
  "mask_pixels": 5234920,
  "mean_selected_score": 0.7070043683052063,
  "median_selected_score": 0.6964285969734192,
  "dim_background": false,
  "cleanup": {
    "num_selected_raw": 4806,
    "num_selected_after_scale": 4685,
    "num_selected_clean": 4599,
    "num_components_raw": 114,
    "num_components_kept": 67,
    "component_radius": 0.09006281318318411,
    "min_component_splats": 8,
    "scale_limit": 0.07156083825975657,
    "mean_clean_score": 0.7070043683052063,
    "median_clean_score": 0.6964285969734192
  }
}
[DONE] Wrote voted Gaussian masks to out/gaussian_mask_votes
[5/7] Assigning IDs to foreground splat blobs
[INFO] DBSCAN  eps=0.05893  (median_nn=0.03929 x mult=1.5)  min_fragment=4
[INFO] DBSCAN  85 fragments from 4806 selected splats
[INFO] Bimodal split  6 fragments split -> 91 fragments
[INFO] SAM merge  91 -> 84 objects (7 merges)
[INFO] Tiny absorb  10 small fragments folded into larger neighbours
[INFO] Grow  131 orphan foreground splats absorbed (radius=2.0x eps)
[INFO] Dropped 1 objects below min_object_splats=6
[INFO] Final object count: 73
{
  "mode": "sam_evidence_hybrid",
  "num_gaussians": 16479,
  "num_selected": 4599,
  "num_selected_raw": 4806,
  "num_tracked_splats": 4658,
  "num_objects": 73,
  "num_fragments_raw": 85,
  "num_bimodal_splits": 6,
  "num_sam_merges": 7,
  "num_tiny_absorbed": 10,
  "num_sphere_grown": 1,
  "dbscan_eps": 0.058933949855438914,
  "median_nn_distance": 0.039289299903625945
}
[DONE] Wrote object tracks to out/gaussian_object_tracks
[6/7] Fitting OBB + inscribed sphere per object
[fit_object_spheres] using 73 input object IDs
[fit_object_spheres] 73 objects after labeling
  obj    1:    96 gaussians  OBB half-extents=(0.134, 0.128, 0.113)  sphere r=0.110 [algebraic]
  obj    2:    49 gaussians  OBB half-extents=(0.127, 0.090, 0.093)  sphere r=0.100 [algebraic]
  obj    3:   113 gaussians  OBB half-extents=(0.125, 0.103, 0.104)  sphere r=0.101 [algebraic]
  obj    4:   113 gaussians  OBB half-extents=(0.141, 0.120, 0.122)  sphere r=0.110 [algebraic]
  obj    5:    75 gaussians  OBB half-extents=(0.095, 0.093, 0.086)  sphere r=0.086 [algebraic]
  obj    6:    83 gaussians  OBB half-extents=(0.135, 0.128, 0.106)  sphere r=0.114 [algebraic]
  obj    7:   143 gaussians  OBB half-extents=(0.132, 0.124, 0.114)  sphere r=0.110 [algebraic]
  obj    8:    99 gaussians  OBB half-extents=(0.218, 0.124, 0.118)  sphere r=0.159 [algebraic]
  obj    9:    31 gaussians  OBB half-extents=(0.100, 0.081, 0.059)  sphere r=0.078 [algebraic]
  obj   10:    35 gaussians  OBB half-extents=(0.123, 0.116, 0.067)  sphere r=0.108 [algebraic]
  obj   11:    86 gaussians  OBB half-extents=(0.101, 0.093, 0.088)  sphere r=0.085 [algebraic]
  obj   12:    59 gaussians  OBB half-extents=(0.204, 0.127, 0.059)  sphere r=0.132 [algebraic]
  obj   13:    39 gaussians  OBB half-extents=(0.125, 0.075, 0.073)  sphere r=0.080 [algebraic]
  obj   14:    80 gaussians  OBB half-extents=(0.128, 0.121, 0.110)  sphere r=0.111 [algebraic]
  obj   15:    90 gaussians  OBB half-extents=(0.096, 0.102, 0.083)  sphere r=0.084 [algebraic]
  obj   16:    76 gaussians  OBB half-extents=(0.099, 0.091, 0.103)  sphere r=0.088 [algebraic]
  obj   17:    85 gaussians  OBB half-extents=(0.098, 0.097, 0.091)  sphere r=0.084 [algebraic]
  obj   18:    75 gaussians  OBB half-extents=(0.098, 0.096, 0.084)  sphere r=0.083 [algebraic]
  obj   19:    81 gaussians  OBB half-extents=(0.098, 0.096, 0.079)  sphere r=0.084 [algebraic]
  obj   20:   107 gaussians  OBB half-extents=(0.183, 0.103, 0.100)  sphere r=0.116 [algebraic]
  obj   21:    97 gaussians  OBB half-extents=(0.134, 0.122, 0.097)  sphere r=0.098 [algebraic]
  obj   22:    40 gaussians  OBB half-extents=(0.096, 0.093, 0.095)  sphere r=0.084 [algebraic]
  obj   23:    60 gaussians  OBB half-extents=(0.110, 0.098, 0.095)  sphere r=0.093 [algebraic]
  obj   24:   121 gaussians  OBB half-extents=(0.115, 0.097, 0.090)  sphere r=0.090 [algebraic]
  obj   25:    54 gaussians  OBB half-extents=(0.099, 0.113, 0.091)  sphere r=0.088 [algebraic]
  obj   26:    81 gaussians  OBB half-extents=(0.109, 0.092, 0.079)  sphere r=0.090 [algebraic]
  obj   27:    96 gaussians  OBB half-extents=(0.100, 0.094, 0.086)  sphere r=0.088 [algebraic]
  obj   28:    78 gaussians  OBB half-extents=(0.242, 0.125, 0.099)  sphere r=0.182 [algebraic]
  obj   29:   100 gaussians  OBB half-extents=(0.089, 0.099, 0.091)  sphere r=0.081 [algebraic]
  obj   30:    40 gaussians  OBB half-extents=(0.093, 0.088, 0.057)  sphere r=0.079 [algebraic]
  obj   31:    47 gaussians  OBB half-extents=(0.094, 0.092, 0.086)  sphere r=0.085 [algebraic]
  obj   32:    68 gaussians  OBB half-extents=(0.204, 0.125, 0.102)  sphere r=0.156 [algebraic]
  obj   33:   104 gaussians  OBB half-extents=(0.145, 0.117, 0.123)  sphere r=0.120 [algebraic]
  obj   34:    46 gaussians  OBB half-extents=(0.097, 0.097, 0.086)  sphere r=0.094 [algebraic]
  obj   35:    71 gaussians  OBB half-extents=(0.100, 0.112, 0.104)  sphere r=0.096 [algebraic]
  obj   36:    17 gaussians  OBB half-extents=(0.087, 0.062, 0.034)  sphere r=0.092 [algebraic]
  obj   37:    88 gaussians  OBB half-extents=(0.091, 0.094, 0.092)  sphere r=0.082 [algebraic]
  obj   38:   116 gaussians  OBB half-extents=(0.095, 0.099, 0.097)  sphere r=0.079 [algebraic]
  obj   39:    26 gaussians  OBB half-extents=(0.144, 0.091, 0.053)  sphere r=0.123 [algebraic]
  obj   40:    11 gaussians  OBB half-extents=(0.086, 0.042, 0.032)  sphere r=0.081 [algebraic]
  obj   41:     9 gaussians  OBB half-extents=(0.078, 0.049, 0.014)  sphere r=0.066 [algebraic]
  obj   42:    14 gaussians  OBB half-extents=(0.076, 0.048, 0.027)  sphere r=0.070 [algebraic]
  obj   43:    19 gaussians  OBB half-extents=(0.093, 0.073, 0.049)  sphere r=0.081 [algebraic]
  obj   44:    87 gaussians  OBB half-extents=(0.096, 0.097, 0.087)  sphere r=0.083 [algebraic]
  obj   45:    81 gaussians  OBB half-extents=(0.130, 0.096, 0.084)  sphere r=0.087 [algebraic]
  obj   46:    51 gaussians  OBB half-extents=(0.133, 0.129, 0.092)  sphere r=0.117 [algebraic]
  obj   47:    53 gaussians  OBB half-extents=(0.097, 0.088, 0.102)  sphere r=0.087 [algebraic]
  obj   48:    64 gaussians  OBB half-extents=(0.106, 0.100, 0.083)  sphere r=0.087 [algebraic]
  obj   49:    30 gaussians  OBB half-extents=(0.089, 0.067, 0.054)  sphere r=0.070 [algebraic]
  obj   50:    40 gaussians  OBB half-extents=(0.091, 0.081, 0.067)  sphere r=0.080 [algebraic]
  obj   51:    44 gaussians  OBB half-extents=(0.144, 0.102, 0.123)  sphere r=0.112 [algebraic]
  obj   52:    34 gaussians  OBB half-extents=(0.088, 0.079, 0.070)  sphere r=0.082 [algebraic]
  obj   53:    49 gaussians  OBB half-extents=(0.092, 0.090, 0.082)  sphere r=0.087 [algebraic]
  obj   54:    26 gaussians  OBB half-extents=(0.085, 0.093, 0.048)  sphere r=0.081 [algebraic]
  obj   55:    49 gaussians  OBB half-extents=(0.119, 0.109, 0.074)  sphere r=0.097 [algebraic]
  obj   56:   108 gaussians  OBB half-extents=(0.100, 0.094, 0.086)  sphere r=0.082 [algebraic]
  obj   57:    44 gaussians  OBB half-extents=(0.136, 0.128, 0.097)  sphere r=0.107 [algebraic]
  obj   58:    71 gaussians  OBB half-extents=(0.135, 0.121, 0.093)  sphere r=0.111 [algebraic]
  obj   59:    81 gaussians  OBB half-extents=(0.114, 0.112, 0.095)  sphere r=0.106 [algebraic]
  obj   60:    82 gaussians  OBB half-extents=(0.240, 0.161, 0.094)  sphere r=0.175 [algebraic]
  obj   61:    69 gaussians  OBB half-extents=(0.170, 0.092, 0.101)  sphere r=0.128 [algebraic]
  obj   62:    65 gaussians  OBB half-extents=(0.121, 0.114, 0.107)  sphere r=0.110 [algebraic]
  obj   63:    58 gaussians  OBB half-extents=(0.095, 0.082, 0.069)  sphere r=0.085 [algebraic]
  obj   64:    43 gaussians  OBB half-extents=(0.123, 0.105, 0.091)  sphere r=0.119 [algebraic]
  obj   65:     6 gaussians  OBB half-extents=(0.060, 0.039, 0.012)  sphere r=0.052 [algebraic]
  obj   66:    15 gaussians  OBB half-extents=(0.076, 0.074, 0.054)  sphere r=0.071 [algebraic]
  obj   67:    58 gaussians  OBB half-extents=(0.215, 0.096, 0.095)  sphere r=0.151 [algebraic]
  obj   68:    18 gaussians  OBB half-extents=(0.127, 0.081, 0.073)  sphere r=0.096 [algebraic]
  obj   69:     6 gaussians  OBB half-extents=(0.069, 0.067, 0.013)  sphere r=0.076 [algebraic]
  obj   70:   115 gaussians  OBB half-extents=(0.136, 0.120, 0.112)  sphere r=0.107 [algebraic]
  obj   71:    79 gaussians  OBB half-extents=(0.098, 0.088, 0.071)  sphere r=0.084 [algebraic]
  obj   72:    50 gaussians  OBB half-extents=(0.147, 0.093, 0.059)  sphere r=0.110 [algebraic]
  obj   73:    64 gaussians  OBB half-extents=(0.141, 0.105, 0.063)  sphere r=0.105 [algebraic]
[fit_object_spheres] 73 fits written (0 skipped under min_points).
  json: out/object_spheres/spheres.json
  glb:  out/object_spheres/spheres.glb
[7/7] Building browser viewer
[INFO] Alternate overlay scale clamp adjusted 1,506 splats
[INFO] Tracked overlay scale clamp adjusted 1,562 splats
[INFO] Wrote tracked hover metadata for 73 objects
[INFO] Wrote 57 class-filtered tracked splat layer(s)
[DONE] Wrote Gaussian overlay viewer to vis/gaussian_splat_overlay/index.html
[DONE] Object tracks: out/gaussian_object_tracks
[DONE] Object spheres: out/object_spheres/{spheres.json,spheres.glb}
[DONE] Viewer: vis/gaussian_splat_overlay/index.html
